"SampleID","BarcodeSequence","Species","CollectionSite","Nosema_binomial","Crithidia_binomial","Apicystis_binomial","Nosema_total_per_bee","Crithidia_total_per_bee","Apicystis_total_per_bee","Conopid_larvae","gut_parasite_richness","Subgenus","Interaction","Enterotype","Arsenophonus","Gilliamella","Snodgrassella","Apibacter"
"1","AAGAGGCAGAGTAG","B.hortorum","Upton",1,1,0,16666.66667,193333.3333,0,0,2,"Bombus.Megabombus","B.hortorum.Upton","Enterotype_1",83.6661698956781,0.119225037257824,8.37555886736215,3.1892697466468
"106","AAGAGGCCTCTCTA","B.terrestris","Ouse",0,1,0,0,156666.6667,0,0,1,"Bombus.sensu.stricto","B.terrestris.Ouse","Enterotype_2",0,29.7318927571028,43.0172068827531,20.5282112845138
"108","TCCTGAGAGAGTAG","B.terrestris","Ouse",0,1,0,0,176666.6667,0,0,1,"Bombus.sensu.stricto","B.terrestris.Ouse","Enterotype_2",0.209205020920502,0.298864315600717,4.72205618649133,0.0896592946802152
"111","TAGGCATACTGCAT","B.ruderatus","Ouse",0,1,0,0,186666.6667,0,0,1,"Bombus.Megabombus","B.ruderatus.Ouse","Enterotype_3",1.91101821439236,0.268736936398925,0.119438638399522,0
"112","CAGAGAGCTCTCTA","B.hortorum","Ouse",0,1,0,0,3333.333333,0,0,1,"Bombus.Megabombus","B.hortorum.Ouse","Enterotype_2",0,8.38141512298816,89.7661706650471,0
"117","TAAGGCGAGAGTAG","B.ruderatus","Ouse",1,1,0,3333.333333,270000,0,0,2,"Bombus.Megabombus","B.ruderatus.Ouse","Enterotype_2",0.0596125186289121,0,2.95081967213115,0
"128","CGAGGCTAGAGTAG","B.hortorum","Ouse",0,1,1,0,130000,233333.3333,0,2,"Bombus.Megabombus","B.hortorum.Ouse","Enterotype_3",0,0,0.179372197309417,0
"129","GCTACGCGCGTAAG","B.terrestris","Ouse",1,1,0,23333.33333,80000,0,0,2,"Bombus.sensu.stricto","B.terrestris.Ouse","Enterotype_2",0,10.4159948403741,48.0167687842631,19.3163495646566
"131","CGAGGCTAAGGAGT","B.ruderatus","Ouse",1,1,0,6666.666667,193333.3333,0,0,2,"Bombus.Megabombus","B.ruderatus.Ouse","Enterotype_3",0,0,0.029806259314456,0
"134","CAGAGAGAAGGAGT","B.ruderatus","Ouse",0,0,0,0,0,0,0,0,"Bombus.Megabombus","B.ruderatus.Ouse","Enterotype_3",0.119225037257824,0.0894187779433681,0.357675111773472,0.029806259314456
"136","AGGCAGAACTGCAT","B.ruderatus","Ouse",0,0,0,0,0,0,0,0,"Bombus.Megabombus","B.ruderatus.Ouse","Enterotype_3",0.178837555886736,0,0,0
"138","TAGGCATGTAAGGA","B.ruderatus","Ouse",1,1,0,10000,180000,0,0,2,"Bombus.Megabombus","B.ruderatus.Ouse","Enterotype_3",4.29338103756708,0,0.417412045319022,0.268336314847943
"139","CGAGGCTTATCCTC","B.ruderatus","Ouse",1,1,1,16666.66667,113333.3333,3333.333333,0,3,"Bombus.Megabombus","B.ruderatus.Ouse","Enterotype_3",0.0299311583358276,0,0.0598623166716552,0.149655791679138
"142","AAGAGGCGCGTAAG","B.ruderatus","Ouse",0,1,0,0,3333.333333,0,1,1,"Bombus.Megabombus","B.ruderatus.Ouse","Enterotype_3",0,0,0,0
"143","AAGAGGCAAGGAGT","B.hortorum","Ouse",0,1,0,0,233333.3333,0,1,1,"Bombus.Megabombus","B.hortorum.Ouse","Enterotype_3",0.33112582781457,0.0301023479831427,0.571944611679711,0.0602046959662854
"150","GGACTCCAAGGAGT","B.hortorum","Ouse",0,1,0,0,6666.666667,0,0,1,"Bombus.Megabombus","B.hortorum.Ouse","Enterotype_2",0.119225037257824,0,75.5290611028316,0
"152","CAGAGAGTATCCTC","B.ruderatus","Ouse",0,0,1,0,0,106666.6667,0,1,"Bombus.Megabombus","B.ruderatus.Ouse","Enterotype_3",0.0298418382572366,0.208892867800657,2.20829603103551,0
"153","GGACTCCACTGCAT","B.ruderatus","Ouse",0,1,1,0,83333.33333,56666.66667,0,2,"Bombus.Megabombus","B.ruderatus.Ouse","Enterotype_3",12.3695976154993,0.178837555886736,0.774962742175857,0.178837555886736
"155","CTCTCTAGCGTAAG","B.terrestris","Ouse",0,0,0,0,0,0,0,0,"Bombus.sensu.stricto","B.terrestris.Ouse","Enterotype_2",0.282186948853616,11.358024691358,49.7707231040564,26.2433862433862
"157","GCTACGCAGAGTAG","B.ruderatus","Ouse",0,0,0,0,0,0,0,0,"Bombus.Megabombus","B.ruderatus.Ouse","Enterotype_3",0,0,3.60655737704918,0.029806259314456
"163","AGGCAGAAAGGAGT","B.ruderatus","Ouse",0,0,1,0,0,83333.33333,0,1,"Bombus.Megabombus","B.ruderatus.Ouse","Enterotype_1",54.3784445805266,0.979791794243723,4.56215554194734,0.857317819963258
"165","TAGGCATAAGGAGT","B.ruderatus","Ouse",0,0,0,0,0,0,0,0,"Bombus.Megabombus","B.ruderatus.Ouse","Enterotype_3",4.02985074626866,0.298507462686567,0.507462686567164,0.119402985074627
"167","TAAGGCGCTAAGCC","B.ruderatus","Hillesden",1,1,0,53333.33333,2e+05,0,0,2,"Bombus.Megabombus","B.ruderatus.Hillesden","Enterotype_2",2.8169014084507,0.779142942762961,8.33083608031166,0.149835181300569
"168","GGACTCCGTAAGGA","B.ruderatus","Hillesden",0,0,0,0,0,0,0,0,"Bombus.Megabombus","B.ruderatus.Hillesden","Enterotype_2",2.26527570789866,0,0.178837555886736,96.3934426229508
"169","TAAGGCGGCGTAAG","B.ruderatus","Hillesden",0,1,1,0,256666.6667,26666.66667,0,2,"Bombus.Megabombus","B.ruderatus.Hillesden","Enterotype_2",0.0942803268384664,4.24261470773099,10.6222501571339,6.59962287869265
"171","TAGGCATCTAAGCC","B.ruderatus","Hillesden",1,1,0,3333.333333,160000,0,0,2,"Bombus.Megabombus","B.ruderatus.Hillesden","Enterotype_3",5.67226890756303,0.330132052821128,0.690276110444178,0.360144057623049
"172","TAAGGCGGTAAGGA","B.ruderatus","Hillesden",0,1,0,0,176666.6667,0,0,1,"Bombus.Megabombus","B.ruderatus.Hillesden","Enterotype_2",0.0596125186289121,0,83.1296572280179,0
"174","CGAGGCTCTCTCTA","B.ruderatus","Hillesden",0,0,0,0,0,0,0,0,"Bombus.Megabombus","B.ruderatus.Hillesden","Enterotype_3",1.68319807634506,0,2.40456868049294,0.691313495641719
"176","TCCTGAGGTAAGGA","B.hortorum","Hillesden",0,0,0,0,0,0,0,0,"Bombus.Megabombus","B.hortorum.Hillesden","Enterotype_2",0.327868852459016,0,0.119225037257824,98.7481371087928
"178","CGTACTAAAGGAGT","B.hortorum","Hillesden",0,0,0,0,0,0,0,0,"Bombus.Megabombus","B.hortorum.Hillesden","Enterotype_2",0.447227191413238,0.0298151460942159,25.7006559332141,0.0298151460942159
"181","GGACTCCTATCCTC","B.hortorum","Hillesden",0,0,0,0,0,0,0,0,"Bombus.Megabombus","B.hortorum.Hillesden","Enterotype_1",23.1296572280179,0.417287630402384,0.894187779433681,0.357675111773472
"184","GCTACGCGTAAGGA","B.hortorum","Hillesden",1,1,0,73333.33333,96666.66667,0,0,2,"Bombus.Megabombus","B.hortorum.Hillesden","Enterotype_3",0.0894187779433681,0,0.029806259314456,0
"19","GTAGAGGGCGTAAG","B.hortorum","Upton",0,0,0,0,0,0,0,0,"Bombus.Megabombus","B.hortorum.Upton","Enterotype_1",0,0.029806259314456,0.0596125186289121,0
"191","GGACTCCAGAGTAG","B.hortorum","Hillesden",0,1,0,0,170000,0,0,1,"Bombus.Megabombus","B.hortorum.Hillesden","Enterotype_3",0.178837555886736,0,0.029806259314456,0
"192","CGTACTACTAAGCC","B.ruderatus","Hillesden",1,1,0,40000,70000,0,0,2,"Bombus.Megabombus","B.ruderatus.Hillesden","Enterotype_3",4.11326378539493,5.45454545454545,3.01043219076006,0
"193","TCCTGAGACTGCAT","B.ruderatus","Hillesden",0,0,0,0,0,0,0,0,"Bombus.Megabombus","B.ruderatus.Hillesden","Enterotype_2",0.238450074515648,12.8166915052161,25.8420268256334,10.521609538003
"2","AGGCAGATATCCTC","B.hortorum","Upton",0,1,0,0,130000,0,0,1,"Bombus.Megabombus","B.hortorum.Upton","Enterotype_3",0.746045956430916,0.0596836765144733,0.238734706057893,0
"20","CGTACTAGCGTAAG","B.hortorum","Upton",0,0,0,0,0,0,0,0,"Bombus.Megabombus","B.hortorum.Upton","Enterotype_2",0.0346860908775581,12.8685397155741,24.1068331599029,17.2389871661464
"202","TCCTGAGCTAAGCC","B.hortorum","Hillesden",0,1,0,0,153333.3333,0,0,1,"Bombus.Megabombus","B.hortorum.Hillesden","Enterotype_1",84.7346451997615,0.0596302921884317,9.7793679189028,0.119260584376863
"205","TCCTGAGAAGGAGT","B.terrestris","Hillesden",1,1,0,10000,126666.6667,0,0,2,"Bombus.sensu.stricto","B.terrestris.Hillesden","Enterotype_1",100,0,0,0
"216","GGACTCCCTAAGCC","B.hortorum","Hillesden",0,0,0,0,0,0,0,0,"Bombus.Megabombus","B.hortorum.Hillesden","Enterotype_2",7.77943368107303,0,85.3353204172876,0
"219","TCCTGAGCTCTCTA","B.terrestris","Hillesden",0,0,0,0,0,0,0,0,"Bombus.sensu.stricto","B.terrestris.Hillesden","Enterotype_2",0.186133085155886,22.1033038622615,41.6472778036296,34.9930200093067
"22","AAGAGGCACTGCAT","B.hortorum","Upton",0,0,0,0,0,0,0,0,"Bombus.Megabombus","B.hortorum.Upton","Enterotype_1",82.2950819672131,0,9.56780923994039,5.75260804769001
"23","TAGGCATGCGTAAG","B.terrestris","Upton",0,1,0,0,20000,0,0,1,"Bombus.sensu.stricto","B.terrestris.Upton","Enterotype_2",0.21015761821366,12.8896672504378,44.2381786339755,20
"230","AGGCAGACTAAGCC","B.terrestris","Hillesden",0,1,0,0,216666.6667,0,0,1,"Bombus.sensu.stricto","B.terrestris.Hillesden","Enterotype_2",2.8957528957529,9.1055341055341,44.4658944658945,12.998712998713
"235","CGTACTAAGAGTAG","B.terrestris","Hillesden",0,0,0,0,0,0,0,0,"Bombus.sensu.stricto","B.terrestris.Hillesden","Enterotype_2",0.0379939209726444,6.38297872340426,65.3495440729483,23.4042553191489
"238","CAGAGAGACTGCAT","B.hortorum","Hillesden",0,0,0,0,0,0,0,0,"Bombus.Megabombus","B.hortorum.Hillesden","Enterotype_3",0.357675111773472,0,10.4619970193741,0
"24","GGACTCCCTCTCTA","B.terrestris","Upton",0,0,0,0,0,0,0,0,"Bombus.sensu.stricto","B.terrestris.Upton","Enterotype_2",4.3448744059742,3.39443312966735,87.3048200950441,3.63204344874406
"242","TAAGGCGCTCTCTA","B.terrestris","Hillesden",0,1,0,0,206666.6667,0,0,1,"Bombus.sensu.stricto","B.terrestris.Hillesden","Enterotype_1",87.4058451340765,0.391684242241639,0.180777342573064,0.602591141910214
"246","TCCTGAGGCGTAAG","B.terrestris","Hillesden",0,0,0,0,0,0,0,0,"Bombus.sensu.stricto","B.terrestris.Hillesden","Enterotype_1",6.17320946958346,1.76805513934672,2.84686844471082,0.0599340725202278
"247","TCCTGAGTATCCTC","B.terrestris","Hillesden",0,1,0,0,220000,0,0,1,"Bombus.sensu.stricto","B.terrestris.Hillesden","Enterotype_3",0.163078930202218,0.750163078930202,0.0978473581213307,5.77299412915851
"25","CTCTCTAACTGCAT","B.terrestris","Upton",0,0,0,0,0,0,0,0,"Bombus.sensu.stricto","B.terrestris.Upton","Enterotype_2",0,37.3015873015873,41.7989417989418,0
"252","GCTACGCAAGGAGT","B.terrestris","Hillesden",0,0,1,0,0,1200000,0,1,"Bombus.sensu.stricto","B.terrestris.Hillesden","Enterotype_2",0.292112950340798,3.73255436546576,0.324569944823109,0.0973709834469328
"27","GCTACGCTATCCTC","B.terrestris","Upton",0,1,0,0,210000,0,0,1,"Bombus.sensu.stricto","B.terrestris.Upton","Enterotype_3",0.0897397547113371,0.688004786120251,0.987137301824708,0.0598265031408914
"28","CAGAGAGAGAGTAG","B.terrestris","Upton",0,1,0,0,110000,0,0,1,"Bombus.sensu.stricto","B.terrestris.Upton","Enterotype_2",0,7.14025500910747,83.2422586520947,0
"29","CTCTCTACTCTCTA","B.terrestris","Upton",0,0,0,0,0,0,0,0,"Bombus.sensu.stricto","B.terrestris.Upton","Enterotype_2",0.153550863723608,29.2898272552783,45.6046065259117,17.7735124760077
"31","CAGAGAGCTAAGCC","B.terrestris","Upton",0,1,0,0,1e+05,0,0,1,"Bombus.sensu.stricto","B.terrestris.Upton","Enterotype_2",0,13.3061527057079,26.3899184581171,23.7212750185322
"34","TAAGGCGACTGCAT","B.ruderatus","Upton",1,1,0,43333.33333,190000,0,0,2,"Bombus.Megabombus","B.ruderatus.Upton","Enterotype_3",0.0596302921884317,0.0596302921884317,0.327966607036374,0
"36","CAGAGAGGCGTAAG","B.ruderatus","Upton",0,1,0,0,70000,0,0,1,"Bombus.Megabombus","B.ruderatus.Upton","Enterotype_2",0.0336360578540195,8.13992600067272,50.7231752438614,19.2734611503532
"37","TAGGCATTATCCTC","B.ruderatus","Upton",0,0,0,0,0,0,0,0,"Bombus.Megabombus","B.ruderatus.Upton","Enterotype_3",3.54694485842027,0,0.14903129657228,0
"38","TAGGCATCTCTCTA","B.ruderatus","Upton",1,1,0,13333.33333,6666.666667,0,0,2,"Bombus.Megabombus","B.ruderatus.Upton","Enterotype_3",0.208643815201192,0.029806259314456,0.029806259314456,0.029806259314456
"4","CTCTCTAAAGGAGT","B.hortorum","Upton",1,1,0,23333.33333,1e+05,0,0,2,"Bombus.Megabombus","B.hortorum.Upton","Enterotype_2",0.298418382572366,0.0895255147717099,1.04446433900328,0.119367353028947
"44","GTAGAGGCTCTCTA","B.hortorum","Caistor",1,1,0,10000,93333.33333,0,0,2,"Bombus.Megabombus","B.hortorum.Caistor","Enterotype_1",24.4897959183673,0.609198903441974,2.74139506548888,0.45689917758148
"48","AGGCAGAGTAAGGA","B.hortorum","Caistor",1,1,0,116666.6667,113333.3333,0,0,2,"Bombus.Megabombus","B.hortorum.Caistor","Enterotype_3",0.149075730471079,0,0.0894454382826476,0
"52","CGAGGCTCTAAGCC","B.hortorum","Caistor",1,1,0,23333.33333,130000,0,0,2,"Bombus.Megabombus","B.hortorum.Caistor","Enterotype_3",0.66324992463069,0.331624962315345,3.7684654808562,0.361772686162195
"57","CGAGGCTGTAAGGA","B.hortorum","Caistor",0,0,0,0,0,0,0,0,"Bombus.Megabombus","B.hortorum.Caistor","Enterotype_3",0,0,0.0302206104563312,0
"59","GCTACGCCTCTCTA","B.hortorum","Caistor",0,1,0,0,10000,0,0,1,"Bombus.Megabombus","B.hortorum.Caistor","Enterotype_2",0,7.31095073737057,51.7728271101349,14.5277690618136
"60","CTCTCTAGTAAGGA","B.terrestris","Caistor",1,1,0,3333.333333,20000,0,0,2,"Bombus.sensu.stricto","B.terrestris.Caistor","Enterotype_2",0,11.5742793791574,67.9822616407982,2.26164079822616
"62","CTCTCTACTAAGCC","B.hortorum","Caistor",0,1,0,0,133333.3333,0,0,1,"Bombus.Megabombus","B.hortorum.Caistor","Enterotype_3",0.0894454382826476,0,0.0596302921884317,0
"63","AGGCAGAAGAGTAG","B.hortorum","Caistor",0,1,0,0,56666.66667,0,0,1,"Bombus.Megabombus","B.hortorum.Caistor","Enterotype_1",1.22278556516552,1.52102594691321,0.208768267223382,0
"64","CGTACTACTCTCTA","B.ruderatus","Caistor",0,1,0,0,70000,0,0,1,"Bombus.Megabombus","B.ruderatus.Caistor","Enterotype_3",0.391330523780855,0.963275135460566,1.77603853100542,0.842865743527995
"65","TAAGGCGTATCCTC","B.terrestris","Caistor",1,1,0,3333.333333,53333.33333,0,0,2,"Bombus.sensu.stricto","B.terrestris.Caistor","Enterotype_2",0.133422281521014,3.13542361574383,53.5023348899266,7.07138092061374
"68","AAGAGGCTATCCTC","B.terrestris","Caistor",1,1,0,10000,16666.66667,0,0,2,"Bombus.sensu.stricto","B.terrestris.Caistor","Enterotype_2",0.0894988066825776,24.7613365155131,6.74224343675418,0.0894988066825776
"70","CGTACTATATCCTC","B.terrestris","Caistor",0,0,0,0,0,0,0,0,"Bombus.sensu.stricto","B.terrestris.Caistor","Enterotype_2",0.104566050888811,0.592540955036598,34.5067967933078,0
"76","GGACTCCGCGTAAG","B.terrestris","Caistor",0,1,0,0,63333.33333,0,0,1,"Bombus.sensu.stricto","B.terrestris.Caistor","Enterotype_2",0.206185567010309,11.8900343642612,47.2164948453608,16.5635738831615
"77","AGGCAGACTCTCTA","B.terrestris","Caistor",1,0,0,53333.33333,0,0,0,1,"Bombus.sensu.stricto","B.terrestris.Caistor","Enterotype_2",0.0531067445565587,27.1375464684015,64.737121614445,0
"78","CGTACTAACTGCAT","B.terrestris","Caistor",0,0,0,0,0,0,0,0,"Bombus.sensu.stricto","B.terrestris.Caistor","Enterotype_2",0.0400641025641026,7.01121794871795,26.6025641025641,9.375
"79","TAAGGCGAAGGAGT","B.terrestris","Caistor",0,0,0,0,0,0,0,0,"Bombus.sensu.stricto","B.terrestris.Caistor","Enterotype_2",0,11.50521609538,51.2667660208644,0
"81","CTCTCTAAGAGTAG","B.terrestris","Ouse",0,1,1,0,286666.6667,76666.66667,0,2,"Bombus.sensu.stricto","B.terrestris.Ouse","Enterotype_2",0,6.77637947725073,66.3117134559535,0
"83","AAGAGGCGTAAGGA","B.ruderatus","Ouse",0,0,0,0,0,0,0,0,"Bombus.Megabombus","B.ruderatus.Ouse","Enterotype_1",82.9210134128167,0,10.0149031296572,4.29210134128167
"89","TAGGCATAGAGTAG","B.terrestris","Ouse",0,0,0,0,0,0,0,0,"Bombus.sensu.stricto","B.terrestris.Ouse","Enterotype_2",0.265076209410205,10.0397614314115,73.2935719019218,10.5036447978794
"9","GCTACGCCTAAGCC","B.hortorum","Upton",0,1,1,0,73333.33333,16666.66667,0,2,"Bombus.Megabombus","B.hortorum.Upton","Enterotype_2",0.14903129657228,0.0596125186289121,85.9016393442623,0
"92","AAGAGGCCTAAGCC","B.ruderatus","Ouse",0,0,0,0,0,0,0,0,"Bombus.Megabombus","B.ruderatus.Ouse","Enterotype_3",3.26152004787552,0.0299222022740874,1.49611011370437,0.149611011370437
"93","AGGCAGAGCGTAAG","B.terrestris","Ouse",0,0,0,0,0,0,0,0,"Bombus.sensu.stricto","B.terrestris.Ouse","Enterotype_2",0.231124807395994,21.8412942989214,43.5285053929122,34.0138674884438
