"sample_name"	"BarcodeSequence"	"Species"	"CollectionSite"	"Nosema_binomial"	"Crithidia_binomial"	"Apicystis_binomial"	"Nosema_total_per_bee"	"Crithidia_total_per_bee"	"Apicystis_total_per_bee"	"Conopid_larvae"	"gut_parasite_richness"	"Subgenus"	"Interaction"
"1"	"AAGAGGCAGAGTAG"	"B.hortorum"	"Upton"	1	1	0	16666.66667	193333.3333	0	0	2	"Bombus.Megabombus"	"B.hortorum.Upton"
"106"	"AAGAGGCCTCTCTA"	"B.terrestris"	"Ouse"	0	1	0	0	156666.6667	0	0	1	"Bombus.sensu.stricto"	"B.terrestris.Ouse"
"108"	"TCCTGAGAGAGTAG"	"B.terrestris"	"Ouse"	0	1	0	0	176666.6667	0	0	1	"Bombus.sensu.stricto"	"B.terrestris.Ouse"
"111"	"TAGGCATACTGCAT"	"B.ruderatus"	"Ouse"	0	1	0	0	186666.6667	0	0	1	"Bombus.Megabombus"	"B.ruderatus.Ouse"
"112"	"CAGAGAGCTCTCTA"	"B.hortorum"	"Ouse"	0	1	0	0	3333.333333	0	0	1	"Bombus.Megabombus"	"B.hortorum.Ouse"
"117"	"TAAGGCGAGAGTAG"	"B.ruderatus"	"Ouse"	1	1	0	3333.333333	270000	0	0	2	"Bombus.Megabombus"	"B.ruderatus.Ouse"
"128"	"CGAGGCTAGAGTAG"	"B.hortorum"	"Ouse"	0	1	1	0	130000	233333.3333	0	2	"Bombus.Megabombus"	"B.hortorum.Ouse"
"129"	"GCTACGCGCGTAAG"	"B.terrestris"	"Ouse"	1	1	0	23333.33333	80000	0	0	2	"Bombus.sensu.stricto"	"B.terrestris.Ouse"
"131"	"CGAGGCTAAGGAGT"	"B.ruderatus"	"Ouse"	1	1	0	6666.666667	193333.3333	0	0	2	"Bombus.Megabombus"	"B.ruderatus.Ouse"
"134"	"CAGAGAGAAGGAGT"	"B.ruderatus"	"Ouse"	0	0	0	0	0	0	0	0	"Bombus.Megabombus"	"B.ruderatus.Ouse"
"136"	"AGGCAGAACTGCAT"	"B.ruderatus"	"Ouse"	0	0	0	0	0	0	0	0	"Bombus.Megabombus"	"B.ruderatus.Ouse"
"138"	"TAGGCATGTAAGGA"	"B.ruderatus"	"Ouse"	1	1	0	10000	180000	0	0	2	"Bombus.Megabombus"	"B.ruderatus.Ouse"
"139"	"CGAGGCTTATCCTC"	"B.ruderatus"	"Ouse"	1	1	1	16666.66667	113333.3333	3333.333333	0	3	"Bombus.Megabombus"	"B.ruderatus.Ouse"
"14"	"CGTACTAGTAAGGA"	"B.hortorum"	"Upton"	0	1	0	0	136666.6667	0	0	1	"Bombus.Megabombus"	"B.hortorum.Upton"
"142"	"AAGAGGCGCGTAAG"	"B.ruderatus"	"Ouse"	0	1	0	0	3333.333333	0	1	1	"Bombus.Megabombus"	"B.ruderatus.Ouse"
"143"	"AAGAGGCAAGGAGT"	"B.hortorum"	"Ouse"	0	1	0	0	233333.3333	0	1	1	"Bombus.Megabombus"	"B.hortorum.Ouse"
"150"	"GGACTCCAAGGAGT"	"B.hortorum"	"Ouse"	0	1	0	0	6666.666667	0	0	1	"Bombus.Megabombus"	"B.hortorum.Ouse"
"152"	"CAGAGAGTATCCTC"	"B.ruderatus"	"Ouse"	0	0	1	0	0	106666.6667	0	1	"Bombus.Megabombus"	"B.ruderatus.Ouse"
"153"	"GGACTCCACTGCAT"	"B.ruderatus"	"Ouse"	0	1	1	0	83333.33333	56666.66667	0	2	"Bombus.Megabombus"	"B.ruderatus.Ouse"
"155"	"CTCTCTAGCGTAAG"	"B.terrestris"	"Ouse"	0	0	0	0	0	0	0	0	"Bombus.sensu.stricto"	"B.terrestris.Ouse"
"157"	"GCTACGCAGAGTAG"	"B.ruderatus"	"Ouse"	0	0	0	0	0	0	0	0	"Bombus.Megabombus"	"B.ruderatus.Ouse"
"163"	"AGGCAGAAAGGAGT"	"B.ruderatus"	"Ouse"	0	0	1	0	0	83333.33333	0	1	"Bombus.Megabombus"	"B.ruderatus.Ouse"
"165"	"TAGGCATAAGGAGT"	"B.ruderatus"	"Ouse"	0	0	0	0	0	0	0	0	"Bombus.Megabombus"	"B.ruderatus.Ouse"
"167"	"TAAGGCGCTAAGCC"	"B.ruderatus"	"Hillesden"	1	1	0	53333.33333	2e+05	0	0	2	"Bombus.Megabombus"	"B.ruderatus.Hillesden"
"168"	"GGACTCCGTAAGGA"	"B.ruderatus"	"Hillesden"	0	0	0	0	0	0	0	0	"Bombus.Megabombus"	"B.ruderatus.Hillesden"
"169"	"TAAGGCGGCGTAAG"	"B.ruderatus"	"Hillesden"	0	1	1	0	256666.6667	26666.66667	0	2	"Bombus.Megabombus"	"B.ruderatus.Hillesden"
"171"	"TAGGCATCTAAGCC"	"B.ruderatus"	"Hillesden"	1	1	0	3333.333333	160000	0	0	2	"Bombus.Megabombus"	"B.ruderatus.Hillesden"
"172"	"TAAGGCGGTAAGGA"	"B.ruderatus"	"Hillesden"	0	1	0	0	176666.6667	0	0	1	"Bombus.Megabombus"	"B.ruderatus.Hillesden"
"174"	"CGAGGCTCTCTCTA"	"B.ruderatus"	"Hillesden"	0	0	0	0	0	0	0	0	"Bombus.Megabombus"	"B.ruderatus.Hillesden"
"175"	"CAGAGAGGTAAGGA"	"B.ruderatus"	"Hillesden"	0	0	0	0	0	0	0	0	"Bombus.Megabombus"	"B.ruderatus.Hillesden"
"176"	"TCCTGAGGTAAGGA"	"B.hortorum"	"Hillesden"	0	0	0	0	0	0	0	0	"Bombus.Megabombus"	"B.hortorum.Hillesden"
"178"	"CGTACTAAAGGAGT"	"B.hortorum"	"Hillesden"	0	0	0	0	0	0	0	0	"Bombus.Megabombus"	"B.hortorum.Hillesden"
"181"	"GGACTCCTATCCTC"	"B.hortorum"	"Hillesden"	0	0	0	0	0	0	0	0	"Bombus.Megabombus"	"B.hortorum.Hillesden"
"184"	"GCTACGCGTAAGGA"	"B.hortorum"	"Hillesden"	1	1	0	73333.33333	96666.66667	0	0	2	"Bombus.Megabombus"	"B.hortorum.Hillesden"
"19"	"GTAGAGGGCGTAAG"	"B.hortorum"	"Upton"	0	0	0	0	0	0	0	0	"Bombus.Megabombus"	"B.hortorum.Upton"
"191"	"GGACTCCAGAGTAG"	"B.hortorum"	"Hillesden"	0	1	0	0	170000	0	0	1	"Bombus.Megabombus"	"B.hortorum.Hillesden"
"192"	"CGTACTACTAAGCC"	"B.ruderatus"	"Hillesden"	1	1	0	40000	70000	0	0	2	"Bombus.Megabombus"	"B.ruderatus.Hillesden"
"193"	"TCCTGAGACTGCAT"	"B.ruderatus"	"Hillesden"	0	0	0	0	0	0	0	0	"Bombus.Megabombus"	"B.ruderatus.Hillesden"
"2"	"AGGCAGATATCCTC"	"B.hortorum"	"Upton"	0	1	0	0	130000	0	0	1	"Bombus.Megabombus"	"B.hortorum.Upton"
"20"	"CGTACTAGCGTAAG"	"B.hortorum"	"Upton"	0	0	0	0	0	0	0	0	"Bombus.Megabombus"	"B.hortorum.Upton"
"202"	"TCCTGAGCTAAGCC"	"B.hortorum"	"Hillesden"	0	1	0	0	153333.3333	0	0	1	"Bombus.Megabombus"	"B.hortorum.Hillesden"
"205"	"TCCTGAGAAGGAGT"	"B.terrestris"	"Hillesden"	1	1	0	10000	126666.6667	0	0	2	"Bombus.sensu.stricto"	"B.terrestris.Hillesden"
"216"	"GGACTCCCTAAGCC"	"B.hortorum"	"Hillesden"	0	0	0	0	0	0	0	0	"Bombus.Megabombus"	"B.hortorum.Hillesden"
"219"	"TCCTGAGCTCTCTA"	"B.terrestris"	"Hillesden"	0	0	0	0	0	0	0	0	"Bombus.sensu.stricto"	"B.terrestris.Hillesden"
"22"	"AAGAGGCACTGCAT"	"B.hortorum"	"Upton"	0	0	0	0	0	0	0	0	"Bombus.Megabombus"	"B.hortorum.Upton"
"23"	"TAGGCATGCGTAAG"	"B.terrestris"	"Upton"	0	1	0	0	20000	0	0	1	"Bombus.sensu.stricto"	"B.terrestris.Upton"
"230"	"AGGCAGACTAAGCC"	"B.terrestris"	"Hillesden"	0	1	0	0	216666.6667	0	0	1	"Bombus.sensu.stricto"	"B.terrestris.Hillesden"
"235"	"CGTACTAAGAGTAG"	"B.terrestris"	"Hillesden"	0	0	0	0	0	0	0	0	"Bombus.sensu.stricto"	"B.terrestris.Hillesden"
"238"	"CAGAGAGACTGCAT"	"B.hortorum"	"Hillesden"	0	0	0	0	0	0	0	0	"Bombus.Megabombus"	"B.hortorum.Hillesden"
"24"	"GGACTCCCTCTCTA"	"B.terrestris"	"Upton"	0	0	0	0	0	0	0	0	"Bombus.sensu.stricto"	"B.terrestris.Upton"
"242"	"TAAGGCGCTCTCTA"	"B.terrestris"	"Hillesden"	0	1	0	0	206666.6667	0	0	1	"Bombus.sensu.stricto"	"B.terrestris.Hillesden"
"246"	"TCCTGAGGCGTAAG"	"B.terrestris"	"Hillesden"	0	0	0	0	0	0	0	0	"Bombus.sensu.stricto"	"B.terrestris.Hillesden"
"247"	"TCCTGAGTATCCTC"	"B.terrestris"	"Hillesden"	0	1	0	0	220000	0	0	1	"Bombus.sensu.stricto"	"B.terrestris.Hillesden"
"25"	"CTCTCTAACTGCAT"	"B.terrestris"	"Upton"	0	0	0	0	0	0	0	0	"Bombus.sensu.stricto"	"B.terrestris.Upton"
"252"	"GCTACGCAAGGAGT"	"B.terrestris"	"Hillesden"	0	0	1	0	0	1200000	0	1	"Bombus.sensu.stricto"	"B.terrestris.Hillesden"
"27"	"GCTACGCTATCCTC"	"B.terrestris"	"Upton"	0	1	0	0	210000	0	0	1	"Bombus.sensu.stricto"	"B.terrestris.Upton"
"28"	"CAGAGAGAGAGTAG"	"B.terrestris"	"Upton"	0	1	0	0	110000	0	0	1	"Bombus.sensu.stricto"	"B.terrestris.Upton"
"29"	"CTCTCTACTCTCTA"	"B.terrestris"	"Upton"	0	0	0	0	0	0	0	0	"Bombus.sensu.stricto"	"B.terrestris.Upton"
"31"	"CAGAGAGCTAAGCC"	"B.terrestris"	"Upton"	0	1	0	0	1e+05	0	0	1	"Bombus.sensu.stricto"	"B.terrestris.Upton"
"34"	"TAAGGCGACTGCAT"	"B.ruderatus"	"Upton"	1	1	0	43333.33333	190000	0	0	2	"Bombus.Megabombus"	"B.ruderatus.Upton"
"36"	"CAGAGAGGCGTAAG"	"B.ruderatus"	"Upton"	0	1	0	0	70000	0	0	1	"Bombus.Megabombus"	"B.ruderatus.Upton"
"37"	"TAGGCATTATCCTC"	"B.ruderatus"	"Upton"	0	0	0	0	0	0	0	0	"Bombus.Megabombus"	"B.ruderatus.Upton"
"38"	"TAGGCATCTCTCTA"	"B.ruderatus"	"Upton"	1	1	0	13333.33333	6666.666667	0	0	2	"Bombus.Megabombus"	"B.ruderatus.Upton"
"4"	"CTCTCTAAAGGAGT"	"B.hortorum"	"Upton"	1	1	0	23333.33333	1e+05	0	0	2	"Bombus.Megabombus"	"B.hortorum.Upton"
"40"	"CGAGGCTACTGCAT"	"B.ruderatus"	"Upton"	1	1	0	70000	73333.33333	0	0	2	"Bombus.Megabombus"	"B.ruderatus.Upton"
"41"	"GCTACGCACTGCAT"	"B.ruderatus"	"Upton"	0	1	0	0	203333.3333	0	0	1	"Bombus.Megabombus"	"B.ruderatus.Upton"
"42"	"CGAGGCTGCGTAAG"	"B.ruderatus"	"Upton"	0	1	0	0	166666.6667	0	0	1	"Bombus.Megabombus"	"B.ruderatus.Upton"
"44"	"GTAGAGGCTCTCTA"	"B.hortorum"	"Caistor"	1	1	0	10000	93333.33333	0	0	2	"Bombus.Megabombus"	"B.hortorum.Caistor"
"48"	"AGGCAGAGTAAGGA"	"B.hortorum"	"Caistor"	1	1	0	116666.6667	113333.3333	0	0	2	"Bombus.Megabombus"	"B.hortorum.Caistor"
"52"	"CGAGGCTCTAAGCC"	"B.hortorum"	"Caistor"	1	1	0	23333.33333	130000	0	0	2	"Bombus.Megabombus"	"B.hortorum.Caistor"
"54"	"CTCTCTATATCCTC"	"B.hortorum"	"Caistor"	1	1	0	6666.666667	170000	0	0	2	"Bombus.Megabombus"	"B.hortorum.Caistor"
"57"	"CGAGGCTGTAAGGA"	"B.hortorum"	"Caistor"	0	0	0	0	0	0	0	0	"Bombus.Megabombus"	"B.hortorum.Caistor"
"59"	"GCTACGCCTCTCTA"	"B.hortorum"	"Caistor"	0	1	0	0	10000	0	0	1	"Bombus.Megabombus"	"B.hortorum.Caistor"
"60"	"CTCTCTAGTAAGGA"	"B.terrestris"	"Caistor"	1	1	0	3333.333333	20000	0	0	2	"Bombus.sensu.stricto"	"B.terrestris.Caistor"
"62"	"CTCTCTACTAAGCC"	"B.hortorum"	"Caistor"	0	1	0	0	133333.3333	0	0	1	"Bombus.Megabombus"	"B.hortorum.Caistor"
"63"	"AGGCAGAAGAGTAG"	"B.hortorum"	"Caistor"	0	1	0	0	56666.66667	0	0	1	"Bombus.Megabombus"	"B.hortorum.Caistor"
"64"	"CGTACTACTCTCTA"	"B.ruderatus"	"Caistor"	0	1	0	0	70000	0	0	1	"Bombus.Megabombus"	"B.ruderatus.Caistor"
"65"	"TAAGGCGTATCCTC"	"B.terrestris"	"Caistor"	1	1	0	3333.333333	53333.33333	0	0	2	"Bombus.sensu.stricto"	"B.terrestris.Caistor"
"68"	"AAGAGGCTATCCTC"	"B.terrestris"	"Caistor"	1	1	0	10000	16666.66667	0	0	2	"Bombus.sensu.stricto"	"B.terrestris.Caistor"
"70"	"CGTACTATATCCTC"	"B.terrestris"	"Caistor"	0	0	0	0	0	0	0	0	"Bombus.sensu.stricto"	"B.terrestris.Caistor"
"76"	"GGACTCCGCGTAAG"	"B.terrestris"	"Caistor"	0	1	0	0	63333.33333	0	0	1	"Bombus.sensu.stricto"	"B.terrestris.Caistor"
"77"	"AGGCAGACTCTCTA"	"B.terrestris"	"Caistor"	1	0	0	53333.33333	0	0	0	1	"Bombus.sensu.stricto"	"B.terrestris.Caistor"
"78"	"CGTACTAACTGCAT"	"B.terrestris"	"Caistor"	0	0	0	0	0	0	0	0	"Bombus.sensu.stricto"	"B.terrestris.Caistor"
"79"	"TAAGGCGAAGGAGT"	"B.terrestris"	"Caistor"	0	0	0	0	0	0	0	0	"Bombus.sensu.stricto"	"B.terrestris.Caistor"
"81"	"CTCTCTAAGAGTAG"	"B.terrestris"	"Ouse"	0	1	1	0	286666.6667	76666.66667	0	2	"Bombus.sensu.stricto"	"B.terrestris.Ouse"
"83"	"AAGAGGCGTAAGGA"	"B.ruderatus"	"Ouse"	0	0	0	0	0	0	0	0	"Bombus.Megabombus"	"B.ruderatus.Ouse"
"89"	"TAGGCATAGAGTAG"	"B.terrestris"	"Ouse"	0	0	0	0	0	0	0	0	"Bombus.sensu.stricto"	"B.terrestris.Ouse"
"9"	"GCTACGCCTAAGCC"	"B.hortorum"	"Upton"	0	1	1	0	73333.33333	16666.66667	0	2	"Bombus.Megabombus"	"B.hortorum.Upton"
"92"	"AAGAGGCCTAAGCC"	"B.ruderatus"	"Ouse"	0	0	0	0	0	0	0	0	"Bombus.Megabombus"	"B.ruderatus.Ouse"
"93"	"AGGCAGAGCGTAAG"	"B.terrestris"	"Ouse"	0	0	0	0	0	0	0	0	"Bombus.sensu.stricto"	"B.terrestris.Ouse"
"Blank"	"GTAGAGGTATCCTC"	NA	NA	NA	NA	NA	NA	NA	NA	NA	NA	NA	"NA.NA"
