Bee_ID,Index1i7Sequence,Index2i5Sequence,Linker1PrimerSequence,Linker2PrimerSequence,BarcodeSequence,amplicon_16S_available,Nosema_binomial,Crithidia_binomial,Apicystis_binomial,gut_parasite_richness,IPI_ID,Site,Conopid_larvae,used_thorax,used_abdomen,used_leg,RADseq_available,parasite_counts_available,Nosema_total_per_bee,Crithidia_total_per_bee,Apicystis_total_per_bee,code_list,name_list,date_list,site_list,os_grid_list,nos_list,eos_list,tissue,library_percentage_list,retained_reads_list,retained_reads_percentage_list,bhor_map_percentage,alignment_reads_list,alignment_reads_percentage_list,mean_cov_ns_list,F_list,sibling_sets,finalised_species
1,AAGAGGC,AGAGTAG,AGAGTTTGATCCTGGCTCAG,GCTGCCTCCCGTAGGAGT,AAGAGGCAGAGTAG,YES,1,1,0,2,RH14,Upton,0,,X,X,YES,YES,16666.66667,193333.3333,0,RH14,BB_P1_PG_1_1,7/17/2013,Ut,SP35995 47069,247069,435995,leg_abdomen(no_guts),0.007506908,4696179,0.97776319,99.51,3372911,0.718,194.837,0.8795,NA,B.hortorum
10,NA,NA,NA,NA,NA,NO,1,0,0,1,CC13,Upton,0,,X,X,NO,YES,3333.333333,0,0,NA,NA,NA,NA,NA,NA,NA,NA,NA,NA,NA,NA,NA,NA,NA,NA,NA,B.hortorum
100,NA,NA,NA,NA,NA,NO,0,1,0,1,TM22,Ouse,0,,X,X,YES,YES,0,16666.66667,0,TM22,BB_P1_PG_100_1,7/26/2013,Os,TL469857,285700,546900,leg_abdomen(no_guts),0.004988715,3120845,0.977745397,99.08,2348804,0.752,137.496,0.87829,100_bh_Os_1,B.hortorum
101,NA,NA,NA,NA,NA,NO,1,1,0,2,TM24,Ouse,0,,X,X,YES,YES,23333.33333,40000,0,TM24,BB_P1_PG_101_1,7/27/2013,Os,TL528936,293600,552800,leg_abdomen(no_guts),0.004211984,2634937,0.978840928,83.03,1655117,0.627,118.152,0.87921,NA,B.terrestris
102,NA,NA,NA,NA,NA,NO,1,1,0,2,TM28,Ouse,0,,X,X,YES,YES,6666.666667,86666.66667,0,TM28,BB_P1_PG_102_1,7/27/2013,Os,TL528936,293600,552800,leg_abdomen(no_guts),0.003444398,2154750,0.979231076,98.87,1507886,0.699,89.683,0.87716,102_bh_Os_2,B.hortorum
103,NA,NA,NA,NA,NA,NO,0,1,0,1,TM27,Ouse,0,X,X,X,NO,YES,0,193333.3333,0,NA,NA,NA,NA,NA,NA,NA,NA,NA,NA,NA,NA,NA,NA,NA,NA,NA,B.terrestris
104,NA,NA,NA,NA,NA,NO,0,1,0,1,TM25,Ouse,0,,X,X,YES,YES,0,73333.33333,0,TM25,BB_P1_PG_104_1,7/27/2013,Os,TL528936,293600,552800,leg_abdomen(no_guts),0.004570561,2859256,0.975838638,83.96,1795354,0.627,125.619,0.8788,NA,B.terrestris
105,NA,NA,NA,NA,NA,NO,0,1,0,1,TM36,Ouse,0,,X,X,YES,YES,0,186666.6667,0,TM36,BB_P1_PG_105_1,7/27/2013,Os,TL528936,293600,552800,leg_abdomen(no_guts),0.007442622,4655963,0.978491304,97.63,2958280,0.635,173.947,0.852,NA,B.hortorum
106,AAGAGGC,CTCTCTA,AGAGTTTGATCCTGGCTCAG,GCTGCCTCCCGTAGGAGT,AAGAGGCCTCTCTA,YES,0,1,0,1,TM32,Ouse,0,,X,X,YES,YES,0,156666.6667,0,TM32,BB_P1_PG_106_1,7/27/2013,Os,TL528936,293600,552800,leg_abdomen(no_guts),0.004910175,3071712,0.979852447,82.57,1867420,0.607,135.993,0.88162,NA,B.terrestris
107,NA,NA,NA,NA,NA,NO,0,1,0,1,TM40,Ouse,0,,X,X,YES,YES,0,20000,0,TM40,BB_P1_PG_107_1,7/27/2013,Os,TL528936,293600,552800,leg_abdomen(no_guts),0.005855729,3663233,0.974583427,94.16,2434689,0.664,143.199,0.88315,NA,B.hortorum
108,TCCTGAG,AGAGTAG,AGAGTTTGATCCTGGCTCAG,GCTGCCTCCCGTAGGAGT,TCCTGAGAGAGTAG,YES,0,1,0,1,TM23,Ouse,0,,X,X,YES,YES,0,176666.6667,0,TM23,BB_P1_PG_108_1,7/27/2013,Os,TL528936,293600,552800,leg_abdomen(no_guts),0.004574351,2861627,0.961081536,73.62,1532629,0.535,109.212,0.87794,NA,B.terrestris
109,NA,NA,NA,NA,NA,NO,1,1,0,2,TM38,Ouse,0,,X,X,YES,YES,10000,66666.66667,0,TM38,BB_P1_PG_109_1,7/27/2013,Os,TL528936,293600,552800,leg_abdomen(no_guts),0.005397085,3376314,0.964944561,95.84,2146675,0.635,126.461,0.88211,NA,B.hortorum
11,NA,NA,NA,NA,NA,NO,0,1,0,1,UP3,Upton,0,X,X,X,NO,YES,0,80000,0,NA,NA,NA,NA,NA,NA,NA,NA,NA,NA,NA,NA,NA,NA,NA,NA,NA,B.hortorum
110,NA,NA,NA,NA,NA,NO,0,1,0,1,TM34,Ouse,0,,X,X,YES,YES,0,76666.66667,0,TM34,BB_P1_PG_110_1,7/27/2013,Os,TL528936,293600,552800,leg_abdomen(no_guts),0.003882992,2429126,0.984859733,98.5,1785355,0.734,108.63,0.9168,NA,B.ruderatus
111,TAGGCAT,ACTGCAT,AGAGTTTGATCCTGGCTCAG,GCTGCCTCCCGTAGGAGT,TAGGCATACTGCAT,YES,0,1,0,1,TM35,Ouse,0,,X,X,YES,YES,0,186666.6667,0,TM35,BB_P1_PG_111_1,7/27/2013,Os,TL528936,293600,552800,leg_abdomen(no_guts),0.004288573,2682850,0.974007468,98.33,2052227,0.764,124.602,0.91964,NA,B.ruderatus
112,CAGAGAG,CTCTCTA,AGAGTTTGATCCTGGCTCAG,GCTGCCTCCCGTAGGAGT,CAGAGAGCTCTCTA,YES,0,1,0,1,TM26,Ouse,0,,X,X,YES,YES,0,3333.333333,0,TM26,BB_P1_PG_112_1,7/27/2013,Os,TL528936,293600,552800,leg_abdomen(no_guts),0.005110835,3197241,0.96284082,84.62,1820847,0.569,107.421,0.85507,112_bh_Os_2,B.hortorum
113,NA,NA,NA,NA,NA,NO,0,1,0,1,TM41,Ouse,0,,X,X,YES,YES,0,30000,0,TM41,BB_P1_PG_113_1,7/27/2013,Os,TL528936,293600,552800,leg_abdomen(no_guts),0.004903156,3067321,0.978325048,82.73,1937268,0.631,137.345,0.87599,NA,B.terrestris
114,NA,NA,NA,NA,NA,NO,1,1,0,2,TM31,Ouse,0,,X,X,YES,YES,6666.666667,43333.33333,0,TM31,BB_P1_PG_114_1,7/27/2013,Os,TL528936,293600,552800,leg_abdomen(no_guts),0.005268415,3295820,0.975791875,98.72,2329924,0.706,139.081,0.87805,NA,B.hortorum
115,NA,NA,NA,NA,NA,NO,0,1,0,1,TM30,Ouse,0,,X,X,YES,YES,0,46666.66667,0,TM30,BB_P2_PG_115_1,7/27/2013,Os,TL528936,293600,552800,leg_abdomen(no_guts),0.005048951,3158528,0.96857651,77.57,1760894,0.557,125.23,0.85975,NA,B.terrestris
116,NA,NA,NA,NA,NA,NO,0,1,0,1,TM43,Ouse,0,,X,X,YES,YES,0,116666.6667,0,TM43,BB_P1_PG_116_1,7/27/2013,Os,TL528936,293600,552800,leg_abdomen(no_guts),0.00410149,2565814,0.976168501,98.96,1786517,0.696,105.057,0.88185,NA,B.hortorum
117,TAAGGCG,AGAGTAG,AGAGTTTGATCCTGGCTCAG,GCTGCCTCCCGTAGGAGT,TAAGGCGAGAGTAG,YES,1,1,0,2,TM42,Ouse,0,,X,X,YES,YES,3333.333333,270000,0,TM42,BB_P1_PG_117_1,7/27/2013,Os,TL528936,293600,552800,leg_abdomen(no_guts),0.006230528,3897700,0.973215779,99.48,2792857,0.716,167.507,0.91774,NA,B.ruderatus
118,NA,NA,NA,NA,NA,NO,0,1,0,1,TM45,Ouse,0,,X,X,YES,YES,0,96666.66667,0,TM45,BB_P1_PG_118_1,7/27/2013,Os,TL533927,292700,553300,leg_abdomen(no_guts),0.004491119,2809559,0.984707648,99.21,1999898,0.711,120.589,0.91669,NA,B.ruderatus
119,NA,NA,NA,NA,NA,NO,1,1,0,2,TM56,Ouse,0,,X,X,YES,YES,10000,156666.6667,0,TM56,BB_P1_PG_119_1,7/27/2013,Os,TL533927,292700,553300,leg_abdomen(no_guts),0.005794749,3625085,0.981447955,98.54,2568504,0.708,154.916,0.91228,NA,B.ruderatus
12,NA,NA,NA,NA,NA,NO,NA,NA,NA,NA,UP16,Upton,0,,X,X,YES,NO,NA,NA,NA,UP16,BB_P1_PG_12_1,7/22/2010,Ut,SP379434,243400,437900,leg_abdomen(no_guts),0.009539321,5967618,0.980823412,98.79,3973576,0.665,230.659,0.88246,NA,B.hortorum
120,NA,NA,NA,NA,NA,NO,0,1,0,1,TM54,Ouse,0,,X,X,YES,YES,0,3333.333333,0,TM54,BB_P1_PG_120_1,7/27/2013,Os,TL533927,292700,553300,leg_abdomen(no_guts),0.005339689,3340408,0.975927339,58.97,1457402,0.436,103.17,0.88176,NA,B.terrestris
121,NA,NA,NA,NA,NA,NO,1,1,0,2,TM46,Ouse,0,,X,X,YES,YES,10000,143333.3333,0,TM46,BB_P1_PG_121_1,7/27/2013,Os,TL533927,292700,553300,leg_abdomen(no_guts),0.00460167,2878717,0.981463216,99.12,1999813,0.694,125.436,0.92585,NA,B.ruderatus
122,NA,NA,NA,NA,NA,NO,0,1,0,1,TM51,Ouse,0,,X,X,YES,YES,0,86666.66667,0,TM51,BB_P1_PG_122_1,7/27/2013,Os,TL533927,292700,553300,leg_abdomen(no_guts),0.003392616,2122356,0.978240339,99.23,1563472,0.736,93.841,0.91256,122_br_Os_1,B.ruderatus
123,NA,NA,NA,NA,NA,NO,1,1,0,2,TM52,Ouse,0,,X,X,YES,YES,6666.666667,83333.33333,0,TM52,BB_P3_PG_123_1,7/27/2013,Os,TL533927,292700,553300,leg_abdomen(no_guts),0.002745999,1717845,0.97583594,72.49,890504,0.517,56.908,0.92236,123_br_Os_2,B.ruderatus
124,NA,NA,NA,NA,NA,NO,1,1,0,2,TM65,Ouse,0,,X,X,YES,YES,26666.66667,143333.3333,0,TM65,BB_P2_PG_124_1,7/27/2013,Os,TL533927,292700,553300,leg_abdomen(no_guts),0.007350367,4598250,0.977009028,95.89,3116523,0.677,183.863,0.6277,NA,B.ruderatus
125,NA,NA,NA,NA,NA,NO,0,1,0,1,TM49,Ouse,0,,X,X,YES,YES,0,103333.3333,0,TM49,BB_P2_PG_125_1,7/27/2013,Os,TL533927,292700,553300,leg_abdomen(no_guts),0.004653779,2911316,0.959280318,79.97,1728743,0.593,120.461,0.88393,NA,B.terrestris
126,NA,NA,NA,NA,NA,NO,1,1,0,2,TM48,Ouse,0,,X,X,YES,YES,3333.333333,80000,0,TM48,BB_P2_PG_126_1,7/27/2013,Os,TL533927,292700,553300,leg_abdomen(no_guts),0.003517764,2200646,0.967835513,95.27,1514307,0.687,92.347,0.91333,NA,B.ruderatus
127,NA,NA,NA,NA,NA,NO,0,1,0,1,TM44,Ouse,0,,X,X,YES,YES,0,56666.66667,0,TM44,BB_P2_PG_127_1,7/27/2013,Os,TL533927,292700,553300,leg_abdomen(no_guts),0.006354733,3975400,0.98276296,98.05,2861265,0.719,174.028,0.9209,NA,B.ruderatus
128,CGAGGCT,AGAGTAG,AGAGTTTGATCCTGGCTCAG,GCTGCCTCCCGTAGGAGT,CGAGGCTAGAGTAG,YES,0,1,1,2,TM60,Ouse,0,,X,X,YES,YES,0,130000,233333.3333,TM60,BB_P2_PG_128_1,7/27/2013,Os,TL533927,292700,553300,leg_abdomen(no_guts),0.006635353,4150951,0.967893581,99.18,2739799,0.659,160.299,0.89282,NA,B.hortorum
129,GCTACGC,GCGTAAG,AGAGTTTGATCCTGGCTCAG,GCTGCCTCCCGTAGGAGT,GCTACGCGCGTAAG,YES,1,1,0,2,TM63,Ouse,0,,X,X,YES,YES,23333.33333,80000,0,TM63,BB_P2_PG_129_1,7/27/2013,Os,TL533927,292700,553300,leg_abdomen(no_guts),0.00520016,3253121,0.977995469,81.3,1949059,0.599,140.288,0.8781,NA,B.terrestris
13,NA,NA,NA,NA,NA,NO,0,1,0,1,RH2,Upton,0,,X,X,NO,YES,0,6666.666667,0,NA,NA,NA,NA,NA,NA,NA,NA,NA,NA,NA,NA,NA,NA,NA,NA,NA,B.hortorum
130,NA,NA,NA,NA,NA,NO,1,1,0,2,TM50,Ouse,0,,X,X,YES,YES,10000,16666.66667,0,TM50,BB_P3_PG_130_1,7/27/2013,Os,TL533927,292700,553300,leg_abdomen(no_guts),0.002124657,1329145,0.97186079,82.71,828708,0.622,62.565,0.88726,NA,B.terrestris
131,CGAGGCT,AAGGAGT,AGAGTTTGATCCTGGCTCAG,GCTGCCTCCCGTAGGAGT,CGAGGCTAAGGAGT,YES,1,1,0,2,TM64,Ouse,0,,X,X,YES,YES,6666.666667,193333.3333,0,TM64,BB_P2_PG_131_1,7/27/2013,Os,TL533927,292700,553300,leg_abdomen(no_guts),0.010008392,6261060,0.98144982,95.19,4189565,0.668,253.005,0.91632,NA,B.ruderatus
132,NA,NA,NA,NA,NA,NO,1,1,0,2,TM59,Ouse,0,,X,X,YES,YES,43333.33333,36666.66667,0,TM59,BB_P2_PG_132_1,7/27/2013,Os,TL533927,292700,553300,leg_abdomen(no_guts),0.006133561,3837039,0.979873596,99.05,2789836,0.726,168.946,0.91797,NA,B.ruderatus
133,NA,NA,NA,NA,NA,NO,1,1,0,2,TM61,Ouse,0,,X,X,YES,YES,3333.333333,46666.66667,0,TM61,BB_P2_PG_133_1,7/27/2013,Os,TL533927,292700,553300,leg_abdomen(no_guts),0.003824624,2392612,0.9754639,98.81,1669871,0.697,104.245,0.91336,NA,B.ruderatus
134,CAGAGAG,AAGGAGT,AGAGTTTGATCCTGGCTCAG,GCTGCCTCCCGTAGGAGT,CAGAGAGAAGGAGT,YES,0,0,0,0,TM62,Ouse,0,,X,X,YES,YES,0,0,0,TM62,BB_P2_PG_134_1,7/27/2013,Os,TL533927,292700,553300,leg_abdomen(no_guts),0.003375966,2111940,0.97368307,73.61,1061364,0.502,67.029,0.91829,NA,B.ruderatus
135,NA,NA,NA,NA,NA,NO,0,1,0,1,TM47,Ouse,0,,X,X,YES,YES,0,123333.3333,0,TM47,BB_P2_PG_135_1,7/27/2013,Os,TL533927,292700,553300,leg_abdomen(no_guts),0.003342845,2091220,0.958028474,79.81,1100835,0.526,69.511,0.92129,NA,B.ruderatus
136,AGGCAGA,ACTGCAT,AGAGTTTGATCCTGGCTCAG,GCTGCCTCCCGTAGGAGT,AGGCAGAACTGCAT,YES,0,0,0,0,TM74,Ouse,0,,X,X,YES,YES,0,0,0,TM74,BB_P2_PG_136_1,7/28/2013,Os,TL521911,291100,552100,leg_abdomen(no_guts),0.002433904,1522604,0.974560742,97.48,1104918,0.725,69.69,0.91841,NA,B.ruderatus
137,NA,NA,NA,NA,NA,NO,1,1,0,2,TM68,Ouse,0,X,X,X,YES,YES,6666.666667,23333.33333,0,TM68,BB_P2_PG_137_1,7/28/2013,Os,TL521911,291100,552100,thorax,0.00283297,1772252,0.978195739,99,1119385,0.631,69.56,0.93713,NA,B.ruderatus
138,TAGGCAT,GTAAGGA,AGAGTTTGATCCTGGCTCAG,GCTGCCTCCCGTAGGAGT,TAGGCATGTAAGGA,YES,1,1,0,2,TM82,Ouse,0,,X,X,YES,YES,10000,180000,0,TM82,BB_P2_PG_138_1,7/28/2013,Os,TL521911,291100,552100,leg_abdomen(no_guts),0.002696891,1687124,0.979466958,99.08,1171878,0.694,72.15,0.91089,NA,B.ruderatus
139,CGAGGCT,TATCCTC,AGAGTTTGATCCTGGCTCAG,GCTGCCTCCCGTAGGAGT,CGAGGCTTATCCTC,YES,1,1,1,3,TM67,Ouse,0,,X,X,YES,YES,16666.66667,113333.3333,3333.333333,TM67,BB_P2_PG_139_1,7/28/2013,Os,TL521911,291100,552100,leg_abdomen(no_guts),0.002094806,1310471,0.981502702,98.55,905216,0.69,56.147,0.9202,NA,B.ruderatus
14,CGTACTA,GTAAGGA,AGAGTTTGATCCTGGCTCAG,GCTGCCTCCCGTAGGAGT,CGTACTAGTAAGGA,YES,0,1,0,1,RH7,Upton,0,,X,X,YES,YES,0,136666.6667,0,RH7,BB_P3_PG_14_1,7/17/2013,Ut,SP35364 46736,246736,435364,leg_abdomen(no_guts),0.002460465,1539220,0.973238194,99.21,1059569,0.685,66.347,0.89304,NA,B.hortorum
140,NA,NA,NA,NA,NA,NO,1,1,0,2,TM93,Ouse,0,,X,X,YES,YES,13333.33333,90000,0,TM93,BB_P2_PG_140_1,7/28/2013,Os,TL521911,291100,552100,leg_abdomen(no_guts),0.005172553,3235851,0.972708206,58.36,1365771,0.422,96.451,0.87589,NA,B.terrestris
141,NA,NA,NA,NA,NA,NO,1,0,0,1,TM91,Ouse,0,,X,X,YES,YES,13333.33333,0,0,TM91,BB_P2_PG_141_1,7/28/2013,Os,TL521911,291100,552100,leg_abdomen(no_guts),0.004950334,3096835,0.974817397,98.19,2160988,0.697,135.834,0.91357,NA,B.ruderatus
142,AAGAGGC,GCGTAAG,AGAGTTTGATCCTGGCTCAG,GCTGCCTCCCGTAGGAGT,AAGAGGCGCGTAAG,YES,0,1,0,1,TM95,Ouse,1,,X,X,YES,YES,0,3333.333333,0,TM95,BB_P2_PG_142_1,7/28/2013,Os,TL521911,291100,552100,leg_abdomen(no_guts),0.003743434,2341821,0.973276085,97.91,1628053,0.694,101.241,0.91967,NA,B.ruderatus
143,AAGAGGC,AAGGAGT,AGAGTTTGATCCTGGCTCAG,GCTGCCTCCCGTAGGAGT,AAGAGGCAAGGAGT,YES,0,1,0,1,TM73,Ouse,1,X,X,X,YES,YES,0,233333.3333,0,TM73,BB_P2_PG_143_1,7/28/2013,Os,TL521911,291100,552100,thorax,0.003754224,2348571,0.979261221,98.28,1454507,0.619,86.867,0.877,NA,B.hortorum
144,NA,NA,NA,NA,NA,NO,1,1,0,2,TM78,Ouse,1,X,X,X,YES,YES,6666.666667,76666.66667,0,TM78,BB_P2_PG_144_1,7/28/2013,Os,TL521911,291100,552100,thorax,0.003442923,2153827,0.978001819,98.77,1307931,0.607,81.245,0.91418,144_br_Os_2,B.ruderatus
145,NA,NA,NA,NA,NA,NO,1,1,0,2,TM90,Ouse,0,,X,X,YES,YES,23333.33333,70000,0,TM90,BB_P2_PG_145_1,7/28/2013,Os,TL521911,291100,552100,leg_abdomen(no_guts),0.003277318,2050228,0.975893819,99.24,1403045,0.684,84.376,0.88935,NA,B.hortorum
146,NA,NA,NA,NA,NA,NO,0,1,0,1,TM72,Ouse,0,,X,X,YES,YES,0,86666.66667,0,TM72,BB_P2_PG_146_1,7/28/2013,Os,TL521911,291100,552100,leg_abdomen(no_guts),0.00408521,2555630,0.975160337,98.99,1769395,0.692,110.819,0.93083,NA,B.ruderatus
147,NA,NA,NA,NA,NA,NO,0,1,0,1,TM99,Ouse,0,,X,X,YES,YES,0,6666.666667,0,TM99,BB_P2_PG_147_1,7/28/2013,Os,TL521911,291100,552100,leg_abdomen(no_guts),0.004313336,2698341,0.975777522,99.09,1813371,0.671,112.448,0.91737,147_br_Os_3,B.ruderatus
148,NA,NA,NA,NA,NA,NO,0,1,0,1,TM94,Ouse,0,,X,X,YES,YES,0,90000,0,TM94,BB_P2_PG_148_1,7/28/2013,Os,TL521911,291100,552100,leg_abdomen(no_guts),0.003487624,2181791,0.969834459,98.45,1434139,0.657,89.01,0.91382,148_br_Os_2,B.ruderatus
149,NA,NA,NA,NA,NA,NO,0,1,0,1,TM89,Ouse,0,,X,X,YES,YES,0,6666.666667,0,TM89,BB_P2_PG_149_1,7/28/2013,Os,TL521911,291100,552100,leg_abdomen(no_guts),0.004141211,2590663,0.981399102,98.85,1811365,0.699,109.387,0.91361,149_br_Os_2,B.ruderatus
15,NA,NA,NA,NA,NA,NO,1,1,0,2,CC1,Upton,0,,X,X,YES,YES,6666.666667,23333.33333,0,CC1,BB_P3_PG_15_1,7/17/2013,Ut,SP35410 46789,246789,435410,leg_abdomen(no_guts),0.002228838,1394319,0.974405008,99.5,925409,0.659,57.965,0.8941,NA,B.hortorum
150,GGACTCC,AAGGAGT,AGAGTTTGATCCTGGCTCAG,GCTGCCTCCCGTAGGAGT,GGACTCCAAGGAGT,YES,0,1,0,1,TM98,Ouse,0,,X,X,YES,YES,0,6666.666667,0,TM98,BB_P2_PG_150_1,7/28/2013,Os,TL521911,291100,552100,leg_abdomen(no_guts),0.00884547,5533558,0.981389183,99.39,3755248,0.678,218.478,0.86998,150_bh_Os_4,B.hortorum
151,NA,NA,NA,NA,NA,NO,1,1,0,2,TM71,Ouse,0,,X,X,YES,YES,6666.666667,16666.66667,0,TM71,BB_P2_PG_151_1,7/28/2013,Os,TL521911,291100,552100,leg_abdomen(no_guts),0.002074836,1297978,0.974498928,82.09,786133,0.605,57.182,0.87717,NA,B.terrestris
152,CAGAGAG,TATCCTC,AGAGTTTGATCCTGGCTCAG,GCTGCCTCCCGTAGGAGT,CAGAGAGTATCCTC,YES,0,0,1,1,TM84,Ouse,0,,X,X,YES,YES,0,0,106666.6667,TM84,BB_P2_PG_152_1,7/28/2013,Os,TL521911,291100,552100,leg_abdomen(no_guts),0.003627035,2269004,0.984534718,90.15,1361949,0.599,83.6,0.91473,NA,B.ruderatus
153,GGACTCC,ACTGCAT,AGAGTTTGATCCTGGCTCAG,GCTGCCTCCCGTAGGAGT,GGACTCCACTGCAT,YES,0,1,1,2,TM101,Ouse,0,,X,X,YES,YES,0,83333.33333,56666.66667,TM101,BB_P2_PG_153_1,7/28/2013,Os,TL521911,291100,552100,leg_abdomen(no_guts),0.004898256,3064256,0.98077,98.58,2122841,0.692,131.675,0.91477,153_br_Os_2,B.ruderatus
154,NA,NA,NA,NA,NA,NO,0,1,0,1,TM97,Ouse,0,,X,X,YES,YES,0,53333.33333,0,TM97,BB_P2_PG_154_1,7/28/2013,Os,TL521911,291100,552100,leg_abdomen(no_guts),0.00547481,3424937,0.979592917,98.97,2460402,0.718,152.484,0.91182,154_br_Os_1,B.ruderatus
155,CTCTCTA,GCGTAAG,AGAGTTTGATCCTGGCTCAG,GCTGCCTCCCGTAGGAGT,CTCTCTAGCGTAAG,YES,0,0,0,0,TM69,Ouse,0,,X,X,YES,YES,0,0,0,TM69,BB_P2_PG_155_1,7/28/2013,Os,TL521911,291100,552100,leg_abdomen(no_guts),0.003617236,2262874,0.973755757,82.78,1302704,0.575,94.459,0.87341,NA,B.terrestris
156,NA,NA,NA,NA,NA,NO,0,1,0,1,TM85,Ouse,0,,X,X,YES,YES,0,26666.66667,0,TM85,BB_P2_PG_156_1,7/28/2013,Os,TL521911,291100,552100,leg_abdomen(no_guts),0.006621255,4142131,0.977117721,99.51,2762097,0.666,162.018,0.87214,156_bh_Os_4,B.hortorum
157,GCTACGC,AGAGTAG,AGAGTTTGATCCTGGCTCAG,GCTGCCTCCCGTAGGAGT,GCTACGCAGAGTAG,YES,0,0,0,0,TM79,Ouse,0,,X,X,YES,YES,0,0,0,TM79,BB_P2_PG_157_1,7/28/2013,Os,TL521911,291100,552100,leg_abdomen(no_guts),0.004419292,2764625,0.974475844,99.18,1873921,0.677,117.207,0.91564,NA,B.ruderatus
158,NA,NA,NA,NA,NA,NO,0,1,1,2,TM75,Ouse,0,,X,X,YES,YES,0,10000,46666.66667,TM75,BB_P1_PG_158_1,7/28/2013,Os,TL521911,291100,552100,leg_abdomen(no_guts),0.001836269,1148735,0.976457608,76.1,550934,0.478,40.047,NA,NA,B.terrestris
159,NA,NA,NA,NA,NA,NO,1,0,0,1,TM76,Ouse,0,,X,X,YES,YES,63333.33333,0,0,TM76,BB_P2_PG_159_1,7/28/2013,Os,TL521911,291100,552100,leg_abdomen(no_guts),0.006076172,3801138,0.972602319,73.73,1860320,0.489,112.98,0.87399,159_bh_Os_4,B.hortorum
16,NA,NA,NA,NA,NA,NO,0,1,0,1,RH5,Upton,0,,X,X,YES,YES,0,93333.33333,0,RH5,BB_P2_PG_16_1,7/17/2013,Ut,SP35364 46736,246736,435364,leg_abdomen(no_guts),0.005560366,3478459,0.972756621,99.11,2264994,0.651,138.694,0.88414,NA,B.hortorum
160,NA,NA,NA,NA,NA,NO,1,1,0,2,TM87,Ouse,0,,X,X,NO,YES,3333.333333,86666.66667,0,NA,NA,NA,NA,NA,NA,NA,NA,NA,NA,NA,NA,NA,NA,NA,NA,NA,B.terrestris
161,NA,NA,NA,NA,NA,NO,1,1,0,2,TM100,Ouse,0,,X,X,YES,YES,13333.33333,36666.66667,0,TM100,BB_P2_PG_161_1,7/28/2013,Os,TL521911,291100,552100,leg_abdomen(no_guts),0.005065082,3168619,0.971894189,96.11,2034583,0.642,126.301,0.90831,161_br_Os_4,B.ruderatus
162,NA,NA,NA,NA,NA,NO,0,1,0,1,TM92,Ouse,0,,X,X,YES,YES,0,100000,0,TM92,BB_P2_PG_162_1,7/28/2013,Os,TL521911,291100,552100,leg_abdomen(no_guts),0.005939159,3715425,0.9707266,60.23,1640496,0.441,102.952,0.93661,162_br_Os_3,B.ruderatus
163,AGGCAGA,AAGGAGT,AGAGTTTGATCCTGGCTCAG,GCTGCCTCCCGTAGGAGT,AGGCAGAAAGGAGT,YES,0,0,1,1,TM70,Ouse,0,,X,X,YES,YES,0,0,83333.33333,TM70,BB_P2_PG_163_1,7/28/2013,Os,TL521911,291100,552100,leg_abdomen(no_guts),0.00406465,2542768,0.979066925,99.39,1816621,0.714,109.686,0.91279,163_br_Os_4,B.ruderatus
164,NA,NA,NA,NA,NA,NO,1,0,0,1,TM96,Ouse,0,,X,X,YES,YES,30000,0,0,TM96,BB_P2_PG_164_1,7/28/2013,Os,TL521911,291100,552100,leg_abdomen(no_guts),0.004051622,2534618,0.977627659,83.56,1537766,0.606,110.824,0.88216,NA,B.terrestris
165,TAGGCAT,AAGGAGT,AGAGTTTGATCCTGGCTCAG,GCTGCCTCCCGTAGGAGT,TAGGCATAAGGAGT,YES,0,0,0,0,TM81,Ouse,0,,X,X,YES,YES,0,0,0,TM81,BB_P2_PG_165_1,7/28/2013,Os,TL521911,291100,552100,leg_abdomen(no_guts),0.002960052,1851752,0.98486079,97.95,1278035,0.69,76.978,0.66129,165_br_Os_4,B.ruderatus
166,NA,NA,NA,NA,NA,NO,1,1,0,2,TM80,Ouse,1,,X,X,YES,YES,13333.33333,66666.66667,0,TM80,BB_P3_PG_166_1,7/28/2013,Os,TL521911,291100,552100,leg_abdomen(no_guts),0.001240834,776242,0.972716052,78.51,NA,NA,NA,NA,NA,B.terrestris
167,TAAGGCG,CTAAGCC,AGAGTTTGATCCTGGCTCAG,GCTGCCTCCCGTAGGAGT,TAAGGCGCTAAGCC,YES,1,1,0,2,LH6,Hillesden,0,,X,X,YES,YES,53333.33333,200000,0,LH6,BB_P2_PG_167_1,7/13/2010,Hd,SP,227923,467483,leg_abdomen(no_guts),0.005783106,3617801,0.977147588,99.37,2649489,0.732,162.051,0.92327,NA,B.ruderatus
168,GGACTCC,GTAAGGA,AGAGTTTGATCCTGGCTCAG,GCTGCCTCCCGTAGGAGT,GGACTCCGTAAGGA,YES,0,0,0,0,LH29,Hillesden,0,,X,X,YES,YES,0,0,0,LH29,BB_P2_PG_168_1,7/19/2010,Hd,SP,230751,468845,leg_abdomen(no_guts),0.00499106,3122312,0.98082247,99.43,2187723,0.7,136.075,0.92012,NA,B.ruderatus
169,TAAGGCG,GCGTAAG,AGAGTTTGATCCTGGCTCAG,GCTGCCTCCCGTAGGAGT,TAAGGCGGCGTAAG,YES,0,1,1,2,LH21,Hillesden,0,,X,X,YES,YES,0,256666.6667,26666.66667,LH21,BB_P2_PG_169_1,7/14/2010,Hd,SP,230618,469642,leg_abdomen(no_guts),0.004107431,2569531,0.981220892,99.15,1772841,0.689,110.763,0.91646,NA,B.ruderatus
17,NA,NA,NA,NA,NA,NO,1,0,0,1,RH12,Upton,0,,X,X,NO,YES,10000,0,0,NA,NA,NA,NA,NA,NA,NA,NA,NA,NA,NA,NA,NA,NA,NA,NA,NA,B.hortorum
170,NA,NA,NA,NA,NA,NO,1,1,0,2,SH4,Hillesden,0,,X,X,YES,YES,30000,116666.6667,0,SH4,BB_P2_PG_170_1,7/13/2010,Hd,SP,228031,467484,leg_abdomen(no_guts),1.66E-05,10409,0.805338491,13.14,NA,NA,NA,NA,NA,B.ruderatus
171,TAGGCAT,CTAAGCC,AGAGTTTGATCCTGGCTCAG,GCTGCCTCCCGTAGGAGT,TAGGCATCTAAGCC,YES,1,1,0,2,SH6,Hillesden,0,,X,X,YES,YES,3333.333333,160000,0,SH6,BB_P2_PG_171_1,7/13/2010,Hd,SP,228031,467484,leg_abdomen(no_guts),0.004583534,2867372,0.978671016,99.3,1710888,0.595,108.54,0.92228,NA,B.ruderatus
172,TAAGGCG,GTAAGGA,AGAGTTTGATCCTGGCTCAG,GCTGCCTCCCGTAGGAGT,TAAGGCGGTAAGGA,YES,0,1,0,1,CC30,Hillesden,0,,X,X,YES,YES,0,176666.6667,0,CC30,BB_P2_PG_172_1,7/14/2010,Hd,SP,230618,469642,leg_abdomen(no_guts),0.004565009,2855783,0.973496122,98.92,1791414,0.626,112.876,0.93704,NA,B.ruderatus
173,NA,NA,NA,NA,NA,NO,0,1,0,1,CC31,Hillesden,0,,X,X,YES,YES,0,50000,0,CC31,BB_P2_PG_173_1,7/14/2010,Hd,SP,230618,469642,leg_abdomen(no_guts),0.002885791,1805296,0.976911334,99.14,1270477,0.703,80.022,0.92598,NA,B.ruderatus
174,CGAGGCT,CTCTCTA,AGAGTTTGATCCTGGCTCAG,GCTGCCTCCCGTAGGAGT,CGAGGCTCTCTCTA,YES,0,0,0,0,SH14,Hillesden,0,,X,X,YES,YES,0,0,0,SH14,BB_P2_PG_174_1,7/13/2010,Hd,SP,227946,468611,leg_abdomen(no_guts),0.003514536,2198627,0.96556193,98.41,1470636,0.668,92.707,0.91997,NA,B.ruderatus
175,CAGAGAG,GTAAGGA,AGAGTTTGATCCTGGCTCAG,GCTGCCTCCCGTAGGAGT,CAGAGAGGTAAGGA,YES,0,0,0,0,SH13,Hillesden,0,,X,X,YES,YES,0,0,0,SH13,BB_P2_PG_175_1,7/13/2010,Hd,SP,227946,468611,leg_abdomen(no_guts),0.003881122,2427956,0.982158612,98.46,1646772,0.677,102.501,0.91528,NA,B.ruderatus
176,TCCTGAG,GTAAGGA,AGAGTTTGATCCTGGCTCAG,GCTGCCTCCCGTAGGAGT,TCCTGAGGTAAGGA,YES,0,0,0,0,SH16,Hillesden,0,,X,X,YES,YES,0,0,0,SH16,BB_P2_PG_176_1,7/13/2010,Hd,SP,227946,468611,leg_abdomen(no_guts),0.003447881,2156929,0.979247176,99.43,1475314,0.683,88.374,0.88136,NA,B.hortorum
177,NA,NA,NA,NA,NA,NO,1,1,0,2,MH33,Hillesden,0,,X,X,YES,YES,13333.33333,16666.66667,0,MH33,BB_P2_PG_177_1,7/14/2010,Hd,SP,230618,469642,leg_abdomen(no_guts),0.003097882,1937976,0.979655468,99.34,1384906,0.714,84.769,0.92911,NA,B.ruderatus
178,CGTACTA,AAGGAGT,AGAGTTTGATCCTGGCTCAG,GCTGCCTCCCGTAGGAGT,CGTACTAAAGGAGT,YES,0,0,0,0,CC14,Hillesden,0,,X,X,YES,YES,0,0,0,CC14,BB_P2_PG_178_1,7/13/2010,Hd,SP,227946,468611,leg_abdomen(no_guts),0.00437177,2734896,0.981805219,99.07,1768384,0.646,105.596,0.8807,NA,B.hortorum
179,NA,NA,NA,NA,NA,NO,0,0,0,0,SH36,Hillesden,0,,X,X,NO,YES,0,0,0,NA,NA,NA,NA,NA,NA,NA,NA,NA,NA,NA,NA,NA,NA,NA,NA,NA,B.ruderatus
18,NA,NA,NA,NA,NA,NO,0,1,0,1,CC4,Upton,0,,X,X,YES,YES,0,16666.66667,0,CC4,BB_P1_PG_18_1,7/17/2013,Ut,SP35467 46753,246753,435467,leg_abdomen(no_guts),0.006720012,4203912,0.978216314,99.57,2985525,0.71,174.167,0.87405,18_bh_Ut_1,B.hortorum
180,NA,NA,NA,NA,NA,NO,1,1,0,2,LH12,Hillesden,0,,X,X,YES,YES,20000,26666.66667,0,LH12,BB_P2_PG_180_1,7/13/2010,Hd,SP,227946,468611,leg_abdomen(no_guts),0.007766732,4858720,0.978140846,99.43,3215396,0.661,191.453,0.88623,NA,B.hortorum
181,GGACTCC,TATCCTC,AGAGTTTGATCCTGGCTCAG,GCTGCCTCCCGTAGGAGT,GGACTCCTATCCTC,YES,0,0,0,0,MH9,Hillesden,0,,X,X,YES,YES,0,0,0,MH9,BB_P2_PG_181_1,7/13/2010,Hd,SP,227946,468611,leg_abdomen(no_guts),0.008109719,5073286,0.972826814,99.24,3529167,0.695,207.805,0.88624,NA,B.hortorum
182,NA,NA,NA,NA,NA,NO,0,1,0,1,LH10,Hillesden,0,,X,X,YES,YES,0,3333.333333,0,LH10,BB_P2_PG_182_1,7/13/2010,Hd,SP,227946,468611,leg_abdomen(no_guts),0.006685497,4182320,0.975142984,99.06,2802174,0.669,167.947,0.88895,NA,B.hortorum
183,NA,NA,NA,NA,NA,NO,1,1,0,2,LH46,Hillesden,0,,X,X,YES,YES,3333.333333,66666.66667,0,LH46,BB_P2_PG_183_1,7/19/2010,Hd,SP,230440,469034,leg_abdomen(no_guts),0.007278367,4553208,0.971672547,99.16,3318633,0.728,197.38,0.88222,NA,B.hortorum
184,GCTACGC,GTAAGGA,AGAGTTTGATCCTGGCTCAG,GCTGCCTCCCGTAGGAGT,GCTACGCGTAAGGA,YES,1,1,0,2,LH45,Hillesden,0,,X,X,YES,YES,73333.33333,96666.66667,0,LH45,BB_P2_PG_184_1,7/19/2010,Hd,SP,230440,469034,leg_abdomen(no_guts),0.006293294,3936965,0.979642563,98.41,2735851,0.694,163.429,0.83433,NA,B.hortorum
185,NA,NA,NA,NA,NA,NO,0,0,0,0,LH39,Hillesden,0,X,X,X,NO,YES,0,0,0,NA,NA,NA,NA,NA,NA,NA,NA,NA,NA,NA,NA,NA,NA,NA,NA,NA,B.hortorum
186,NA,NA,NA,NA,NA,NO,1,0,0,1,SH5,Hillesden,0,,X,X,NO,YES,13333.33333,0,0,NA,NA,NA,NA,NA,NA,NA,NA,NA,NA,NA,NA,NA,NA,NA,NA,NA,B.ruderatus
187,NA,NA,NA,NA,NA,NO,1,1,0,2,LH5,Hillesden,0,,X,X,YES,YES,6666.666667,130000,0,LH5,BB_P2_PG_187_1,7/13/2010,Hd,SP,228031,467484,leg_abdomen(no_guts),0.004032698,2522779,0.976278571,99.45,1765388,0.699,103.944,0.88535,NA,B.hortorum
188,NA,NA,NA,NA,NA,NO,0,1,0,1,CC24,Hillesden,0,,X,X,YES,YES,0,50000,0,CC24,BB_P3_PG_188_1,7/14/2010,Hd,SP,230364,469542,leg_abdomen(no_guts),0.002789978,1745357,0.973368074,99.26,1329959,0.759,84.965,0.92131,NA,B.ruderatus
189,NA,NA,NA,NA,NA,NO,0,1,0,1,MH32,Hillesden,0,,X,X,YES,YES,0,86666.66667,0,MH32,BB_P2_PG_189_1,7/14/2010,Hd,SP,230618,469642,leg_abdomen(no_guts),0.008293741,5188407,0.97984488,99,3426819,0.66,206.736,0.88432,NA,B.hortorum
19,GTAGAGG,GCGTAAG,AGAGTTTGATCCTGGCTCAG,GCTGCCTCCCGTAGGAGT,GTAGAGGGCGTAAG,YES,0,0,0,0,UP2,Upton,0,X,X,X,YES,YES,0,0,0,UP2,BB_P1_PG_19_1,7/22/2010,Ut,SP379434,243400,437900,thorax,0.002445328,1529751,0.980991322,98.92,1004745,0.656,59.682,0.88173,NA,B.hortorum
190,NA,NA,NA,NA,NA,NO,0,1,0,1,LH11,Hillesden,0,,X,X,YES,YES,0,63333.33333,0,LH11,BB_P2_PG_190_1,7/13/2010,Hd,SP,227946,468611,leg_abdomen(no_guts),0.00784519,4907802,0.97815973,99.44,3299662,0.672,197.082,0.88479,NA,B.hortorum
191,GGACTCC,AGAGTAG,AGAGTTTGATCCTGGCTCAG,GCTGCCTCCCGTAGGAGT,GGACTCCAGAGTAG,YES,0,1,0,1,SH66,Hillesden,0,,X,X,YES,YES,0,170000,0,SH66,BB_P2_PG_191_1,7/19/2010,Hd,SP,230440,469034,leg_abdomen(no_guts),0.007142074,4467946,0.974488507,99.55,3034149,0.679,183.728,0.88371,NA,B.hortorum
192,CGTACTA,CTAAGCC,AGAGTTTGATCCTGGCTCAG,GCTGCCTCCCGTAGGAGT,CGTACTACTAAGCC,YES,1,1,0,2,SH30,Hillesden,0,,X,X,YES,YES,40000,70000,0,SH30,BB_P2_PG_192_1,7/14/2010,Hd,SP,230618,469642,leg_abdomen(no_guts),0.007075052,4426018,0.976145621,99.27,3310486,0.747,202.365,0.91303,NA,B.ruderatus
193,TCCTGAG,ACTGCAT,AGAGTTTGATCCTGGCTCAG,GCTGCCTCCCGTAGGAGT,TCCTGAGACTGCAT,YES,0,0,0,0,SH35,Hillesden,0,,X,X,YES,YES,0,0,0,SH35,BB_P2_PG_193_1,7/14/2010,Hd,SP,230618,469642,leg_abdomen(no_guts),0.006496436,4064047,0.985033911,99,2946329,0.724,178.319,0.91574,NA,B.ruderatus
194,NA,NA,NA,NA,NA,NO,1,1,0,2,CC8,Hillesden,0,,X,X,YES,YES,6666.666667,66666.66667,0,CC8,BB_P2_PG_194_1,7/13/2010,Hd,SP,227923,467483,leg_abdomen(no_guts),0.004773032,2985918,0.980840886,99.25,2245637,0.751,134.951,0.93528,NA,B.ruderatus
195,NA,NA,NA,NA,NA,NO,0,0,0,0,LH17,Hillesden,0,,X,X,NO,YES,0,0,0,NA,NA,NA,NA,NA,NA,NA,NA,NA,NA,NA,NA,NA,NA,NA,NA,NA,B.ruderatus
196,NA,NA,NA,NA,NA,NO,0,1,0,1,SH3,Hillesden,0,,X,X,YES,YES,0,56666.66667,0,SH3,BB_P2_PG_196_1,7/13/2010,Hd,SP,228299,467152,leg_abdomen(no_guts),0.006667402,4171000,0.980939067,99.63,3041714,0.729,183.418,0.91965,NA,B.ruderatus
197,NA,NA,NA,NA,NA,NO,0,0,0,0,SH23,Hillesden,0,,X,X,YES,YES,0,0,0,SH23,BB_P2_PG_197_1,7/14/2010,Hd,SP,228872,469546,leg_abdomen(no_guts),0.009143129,5719768,0.970303768,98.53,4069938,0.711,248.287,0.91687,NA,B.ruderatus
198,NA,NA,NA,NA,NA,NO,0,1,1,2,MH31,Hillesden,0,,X,X,YES,YES,0,60000,3333.333333,MH31,BB_P2_PG_198_1,7/14/2010,Hd,SP,230618,469642,leg_abdomen(no_guts),0.008295078,5189243,0.97599896,99.29,3802256,0.732,233.62,0.91724,NA,B.ruderatus
199,NA,NA,NA,NA,NA,NO,0,0,0,0,SH31,Hillesden,0,,X,X,YES,YES,0,0,0,SH31,BB_P2_PG_199_1,7/14/2010,Hd,SP,230618,469642,leg_abdomen(no_guts),0.007283663,4556521,0.980437179,98.45,3335733,0.731,207.196,0.92208,NA,B.ruderatus
2,AGGCAGA,TATCCTC,AGAGTTTGATCCTGGCTCAG,GCTGCCTCCCGTAGGAGT,AGGCAGATATCCTC,YES,0,1,0,1,RH6,Upton,0,,X,X,YES,YES,0,130000,0,RH6,BB_P1_PG_2_1,7/17/2013,Ut,SP35364 46736,246736,435364,leg_abdomen(no_guts),0.009986322,6247253,0.970686366,99.06,4334541,0.693,250.501,0.88767,NA,B.hortorum
20,CGTACTA,GCGTAAG,AGAGTTTGATCCTGGCTCAG,GCTGCCTCCCGTAGGAGT,CGTACTAGCGTAAG,YES,0,0,0,0,UP4,Upton,0,,X,X,YES,YES,0,0,0,UP4,BB_P1_PG_20_1,7/22/2010,Ut,SP379434,243400,437900,leg_abdomen(no_guts),0.003457934,2163218,0.965746034,89.49,1256772,0.581,74.191,0.88422,NA,B.hortorum
200,NA,NA,NA,NA,NA,NO,0,1,0,1,LH20,Hillesden,0,,X,X,YES,YES,0,20000,0,LH20,BB_P2_PG_200_1,7/14/2010,Hd,SP,230618,469642,leg_abdomen(no_guts),0.007486289,4683280,0.973981098,99.51,3489817,0.744,212.983,0.91354,NA,B.ruderatus
201,NA,NA,NA,NA,NA,NO,1,0,0,1,LH18,Hillesden,0,,X,X,YES,YES,23333.33333,0,0,LH18,BB_P2_PG_201_1,7/14/2010,Hd,SP,230364,469542,leg_abdomen(no_guts),0.004044466,2530141,0.974084258,99.22,1854945,0.732,114.876,0.92156,NA,B.ruderatus
202,TCCTGAG,CTAAGCC,AGAGTTTGATCCTGGCTCAG,GCTGCCTCCCGTAGGAGT,TCCTGAGCTAAGCC,YES,0,1,0,1,CC29,Hillesden,0,,X,X,YES,YES,0,153333.3333,0,CC29,BB_P2_PG_202_1,7/14/2010,Hd,SP,230618,469642,leg_abdomen(no_guts),0.006150153,3847419,0.976327834,99.13,2586350,0.672,154.648,0.88604,NA,B.hortorum
203,NA,NA,NA,NA,NA,NO,0,1,0,1,SH26,Hillesden,0,,X,X,YES,YES,0,20000,0,SH26,BB_P2_PG_203_1,7/14/2010,Hd,SP,228872,469546,leg_abdomen(no_guts),0.0057622,3604723,0.972304325,97.2,2591716,0.718,158.291,0.91787,NA,B.ruderatus
204,NA,NA,NA,NA,NA,NO,0,0,0,0,CC28,Hillesden,0,,X,X,YES,YES,0,0,0,CC28,BB_P2_PG_204_1,7/14/2010,Hd,SP,230618,469642,leg_abdomen(no_guts),0.005947068,3720373,0.97621143,99.01,2547745,0.684,150.596,0.88706,NA,B.hortorum
205,TCCTGAG,AAGGAGT,AGAGTTTGATCCTGGCTCAG,GCTGCCTCCCGTAGGAGT,TCCTGAGAAGGAGT,YES,1,1,0,2,MH24,Hillesden,0,,X,X,YES,YES,10000,126666.6667,0,MH24,BB_P2_PG_205_1,7/14/2010,Hd,SP,230364,469542,leg_abdomen(no_guts),0.006699204,4190895,0.979691751,17.68,555847,0.133,41.672,NA,NA,B.terrestris
206,NA,NA,NA,NA,NA,NO,1,0,0,1,MH19,Hillesden,0,,X,X,NO,YES,3333.333333,0,0,NA,NA,NA,NA,NA,NA,NA,NA,NA,NA,NA,NA,NA,NA,NA,NA,NA,B.hortorum
207,NA,NA,NA,NA,NA,NO,1,0,0,1,SH43,Hillesden,0,,X,X,NO,YES,20000,0,0,NA,NA,NA,NA,NA,NA,NA,NA,NA,NA,NA,NA,NA,NA,NA,NA,NA,B.terrestris
208,NA,NA,NA,NA,NA,NO,0,0,0,0,LH41,Hillesden,0,,X,X,NO,YES,0,0,0,NA,NA,NA,NA,NA,NA,NA,NA,NA,NA,NA,NA,NA,NA,NA,NA,NA,B.terrestris
209,NA,NA,NA,NA,NA,NO,0,0,0,0,LH13,Hillesden,0,X,X,X,NO,YES,0,0,0,NA,NA,NA,NA,NA,NA,NA,NA,NA,NA,NA,NA,NA,NA,NA,NA,NA,B.hortorum
21,NA,NA,NA,NA,NA,NO,0,1,0,1,UP13,Upton,0,X,X,X,YES,YES,0,60000,0,UP13,BB_P1_PG_21_1,7/22/2010,Ut,SP379434,243400,437900,thorax,0.003122676,1953487,0.98058248,98.47,1278896,0.654,75.93,0.87907,NA,B.hortorum
210,NA,NA,NA,NA,NA,NO,0,1,0,1,MH28,Hillesden,0,,X,X,NO,YES,0,6666.666667,0,NA,NA,NA,NA,NA,NA,NA,NA,NA,NA,NA,NA,NA,NA,NA,NA,NA,B.hortorum
211,NA,NA,NA,NA,NA,NO,1,0,0,1,SH2,Hillesden,0,,X,X,YES,YES,3333.333333,0,0,SH2,BB_P3_PG_211_1,7/13/2010,Hd,SP,228299,467152,leg_abdomen(no_guts),0.003889436,2433157,0.970401668,99.37,1769396,0.724,109.573,0.88815,NA,B.hortorum
212,NA,NA,NA,NA,NA,NO,0,1,0,1,CC27,Hillesden,0,X,X,X,NO,YES,0,30000,0,NA,NA,NA,NA,NA,NA,NA,NA,NA,NA,NA,NA,NA,NA,NA,NA,NA,B.hortorum
213,NA,NA,NA,NA,NA,NO,0,1,0,1,SH52,Hillesden,0,,X,X,NO,YES,0,100000,0,NA,NA,NA,NA,NA,NA,NA,NA,NA,NA,NA,NA,NA,NA,NA,NA,NA,B.terrestris
214,NA,NA,NA,NA,NA,NO,0,0,1,1,MH26,Hillesden,0,,X,X,NO,YES,0,0,6666.666667,NA,NA,NA,NA,NA,NA,NA,NA,NA,NA,NA,NA,NA,NA,NA,NA,NA,B.hortorum
215,NA,NA,NA,NA,NA,NO,0,0,1,1,LH23,Hillesden,0,,X,X,NO,YES,0,0,980000,NA,NA,NA,NA,NA,NA,NA,NA,NA,NA,NA,NA,NA,NA,NA,NA,NA,B.ruderatus
216,GGACTCC,CTAAGCC,AGAGTTTGATCCTGGCTCAG,GCTGCCTCCCGTAGGAGT,GGACTCCCTAAGCC,YES,0,0,0,0,MH25,Hillesden,0,,X,X,YES,YES,0,0,0,MH25,BB_P3_PG_216_1,7/14/2010,Hd,SP,230364,469542,leg_abdomen(no_guts),0.002268271,1418987,0.972327804,99.49,1028369,0.721,64.393,0.89081,NA,B.hortorum
217,NA,NA,NA,NA,NA,NO,0,0,0,0,SH17,Hillesden,0,,X,X,NO,YES,0,0,0,NA,NA,NA,NA,NA,NA,NA,NA,NA,NA,NA,NA,NA,NA,NA,NA,NA,B.terrestris
218,NA,NA,NA,NA,NA,NO,1,0,0,1,CC5,Hillesden,0,,X,X,YES,YES,13333.33333,0,0,CC5,BB_P2_PG_218_1,7/13/2010,Hd,SP,228031,467484,leg_abdomen(no_guts),0.004351182,2722017,0.982793282,99.15,1868860,0.686,110.826,0.8847,NA,B.hortorum
219,TCCTGAG,CTCTCTA,AGAGTTTGATCCTGGCTCAG,GCTGCCTCCCGTAGGAGT,TCCTGAGCTCTCTA,YES,0,0,0,0,CC3,Hillesden,0,,X,X,YES,YES,0,0,0,CC3,BB_P2_PG_219_1,7/13/2010,Hd,SP,228299,467152,leg_abdomen(no_guts),0.002019321,1263249,0.978525483,81.83,764643,0.605,56.51,0.87839,NA,B.terrestris
22,AAGAGGC,ACTGCAT,AGAGTTTGATCCTGGCTCAG,GCTGCCTCCCGTAGGAGT,AAGAGGCACTGCAT,YES,0,0,0,0,UP12,Upton,0,X,X,X,YES,YES,0,0,0,UP12,BB_P1_PG_22_1,7/22/2010,Ut,SP379434,243400,437900,thorax,0.004630035,2896462,0.980030662,49.59,986354,0.34,59.171,0.88201,NA,B.hortorum
220,NA,NA,NA,NA,NA,NO,0,0,0,0,LH27,Hillesden,0,X,X,X,NO,YES,0,0,0,NA,NA,NA,NA,NA,NA,NA,NA,NA,NA,NA,NA,NA,NA,NA,NA,NA,B.terrestris
221,NA,NA,NA,NA,NA,NO,0,1,0,1,SH19,Hillesden,0,X,X,X,NO,YES,0,26666.66667,0,NA,NA,NA,NA,NA,NA,NA,NA,NA,NA,NA,NA,NA,NA,NA,NA,NA,B.terrestris
222,NA,NA,NA,NA,NA,NO,1,1,0,2,SH22,Hillesden,0,,X,X,YES,YES,3333.333333,10000,0,SH22,BB_P2_PG_222_1,7/14/2010,Hd,SP,228872,469546,leg_abdomen(no_guts),0.005547243,3470250,0.977888353,99.27,2357103,0.679,141.291,0.8825,NA,B.hortorum
223,NA,NA,NA,NA,NA,NO,0,0,0,0,MH14,Hillesden,0,X,X,X,NO,YES,0,0,0,NA,NA,NA,NA,NA,NA,NA,NA,NA,NA,NA,NA,NA,NA,NA,NA,NA,B.terrestris
224,NA,NA,NA,NA,NA,NO,0,0,0,0,LH50,Hillesden,0,,X,X,YES,YES,0,0,0,LH50,BB_P2_PG_224_1,7/19/2010,Hd,SP,230333,468886,leg_abdomen(no_guts),0.00196747,1230812,0.981065962,99.18,788289,0.639,48.287,0.88754,NA,B.hortorum
225,NA,NA,NA,NA,NA,NO,0,0,0,0,SH34,Hillesden,0,,X,X,NO,YES,0,0,0,NA,NA,NA,NA,NA,NA,NA,NA,NA,NA,NA,NA,NA,NA,NA,NA,NA,B.ruderatus
226,NA,NA,NA,NA,NA,NO,0,1,0,1,SH41,Hillesden,0,,X,X,NO,YES,0,183333.3333,0,NA,NA,NA,NA,NA,NA,NA,NA,NA,NA,NA,NA,NA,NA,NA,NA,NA,B.terrestris
227,NA,NA,NA,NA,NA,NO,1,1,0,2,CC13,Hillesden,0,,X,X,NO,YES,83333.33333,6666.666667,0,NA,NA,NA,NA,NA,NA,NA,NA,NA,NA,NA,NA,NA,NA,NA,NA,NA,B.hortorum
228,NA,NA,NA,NA,NA,NO,1,1,0,2,LH8,Hillesden,0,,X,X,YES,YES,10000,60000,0,LH8,BB_P2_PG_228_1,7/13/2010,Hd,SP,228235,468282,leg_abdomen(no_guts),0.005361122,3353816,0.973375246,81.5,1899501,0.566,136.28,0.87921,NA,B.terrestris
229,NA,NA,NA,NA,NA,NO,0,0,0,0,MH29,Hillesden,0,,X,X,NO,YES,0,0,0,NA,NA,NA,NA,NA,NA,NA,NA,NA,NA,NA,NA,NA,NA,NA,NA,NA,B.hortorum
23,TAGGCAT,GCGTAAG,AGAGTTTGATCCTGGCTCAG,GCTGCCTCCCGTAGGAGT,TAGGCATGCGTAAG,YES,0,1,0,1,CC5,Upton,0,,X,X,YES,YES,0,20000,0,CC5,BB_P3_PG_23_1,7/17/2013,Ut,SP35467 46753,246753,435467,leg_abdomen(no_guts),0.002296283,1436511,0.928286912,77.45,791810,0.55,60.04,0.89536,NA,B.terrestris
230,AGGCAGA,CTAAGCC,AGAGTTTGATCCTGGCTCAG,GCTGCCTCCCGTAGGAGT,AGGCAGACTAAGCC,YES,0,1,0,1,CC11,Hillesden,0,,X,X,YES,YES,0,216666.6667,0,CC11,BB_P2_PG_230_1,7/13/2010,Hd,SP,228235,468282,leg_abdomen(no_guts),0.004339748,2714864,0.972410804,79.67,1464775,0.539,107.792,0.88182,NA,B.terrestris
231,NA,NA,NA,NA,NA,NO,1,1,0,2,SH44,Hillesden,0,X,X,X,NO,YES,20000,83333.33333,0,NA,NA,NA,NA,NA,NA,NA,NA,NA,NA,NA,NA,NA,NA,NA,NA,NA,B.terrestris
232,NA,NA,NA,NA,NA,NO,0,1,0,1,LH37,Hillesden,0,,X,X,YES,YES,0,40000,0,LH37,BB_P2_PG_232_1,7/19/2010,Hd,SP,230751,468845,leg_abdomen(no_guts),0.005355566,3350340,0.972649548,81.69,1911390,0.57,137.091,0.85937,NA,B.terrestris
233,NA,NA,NA,NA,NA,NO,1,1,0,2,SH51,Hillesden,0,,X,X,YES,YES,13333.33333,73333.33333,0,SH51,BB_P2_PG_233_1,7/19/2010,Hd,SP,230751,468845,leg_abdomen(no_guts),0.004601482,2878600,0.975833659,80.73,1595287,0.554,116.789,0.88407,NA,B.terrestris
234,NA,NA,NA,NA,NA,NO,1,1,0,2,LH1,Hillesden,0,,X,X,NO,YES,6666.666667,10000,0,NA,NA,NA,NA,NA,NA,NA,NA,NA,NA,NA,NA,NA,NA,NA,NA,NA,B.terrestris
235,CGTACTA,AGAGTAG,AGAGTTTGATCCTGGCTCAG,GCTGCCTCCCGTAGGAGT,CGTACTAAGAGTAG,YES,0,0,0,0,LH26,Hillesden,0,,X,X,YES,YES,0,0,0,LH26,BB_P3_PG_235_1,7/19/2010,Hd,SP,230751,468845,leg_abdomen(no_guts),0.001988377,1243891,0.97272305,79.03,685684,0.55,51.27,0.83386,NA,B.terrestris
236,NA,NA,NA,NA,NA,NO,0,1,0,1,SH49,Hillesden,0,,X,X,YES,YES,0,100000,0,SH49,BB_P2_PG_236_1,7/19/2010,Hd,SP,230751,468845,leg_abdomen(no_guts),0.004094544,2561469,0.971363118,81.26,1368237,0.534,98.738,0.87717,NA,B.terrestris
237,NA,NA,NA,NA,NA,NO,1,1,0,2,CC23,Hillesden,0,,X,X,YES,YES,40000,10000,0,CC23,BB_P2_PG_237_1,7/14/2010,Hd,SP,230364,469542,leg_abdomen(no_guts),0.006059111,3790465,0.959610178,28.37,768421,0.203,57.709,NA,NA,B.terrestris
238,CAGAGAG,ACTGCAT,AGAGTTTGATCCTGGCTCAG,GCTGCCTCCCGTAGGAGT,CAGAGAGACTGCAT,YES,0,0,0,0,MH16,Hillesden,0,,X,X,YES,YES,0,0,0,MH16,BB_P2_PG_238_1,7/14/2010,Hd,SP,228872,469546,leg_abdomen(no_guts),0.005695207,3562813,0.957455877,94.6,2200811,0.617,135.004,0.87478,NA,B.hortorum
239,NA,NA,NA,NA,NA,NO,0,0,1,1,MH13,Hillesden,0,,X,X,NO,YES,0,0,1263333.333,NA,NA,NA,NA,NA,NA,NA,NA,NA,NA,NA,NA,NA,NA,NA,NA,NA,B.terrestris
24,GGACTCC,CTCTCTA,AGAGTTTGATCCTGGCTCAG,GCTGCCTCCCGTAGGAGT,GGACTCCCTCTCTA,YES,0,0,0,0,CC11,Upton,0,,X,X,YES,YES,0,0,0,CC11,BB_P1_PG_24_1,7/17/2013,Ut,SP35822 45988,245988,435822,leg_abdomen(no_guts),0.004769103,2983460,0.976424761,80.86,1766770,0.592,124.642,0.99661,NA,B.terrestris
240,NA,NA,NA,NA,NA,NO,1,0,0,1,SH15,Hillesden,0,,X,X,YES,YES,20000,0,0,SH15,BB_P2_PG_240_1,7/13/2010,Hd,SP,227946,468611,leg_abdomen(no_guts),0.003705704,2318218,0.981901754,99.37,1463106,0.631,88.984,0.88357,NA,B.hortorum
241,NA,NA,NA,NA,NA,NO,0,1,0,1,LH48,Hillesden,0,,X,X,YES,YES,0,86666.66667,0,LH48,BB_P2_PG_241_1,7/19/2010,Hd,SP,230440,469034,leg_abdomen(no_guts),0.004438787,2776821,0.966991328,81.14,1550243,0.558,114.152,0.881,NA,B.terrestris
242,TAAGGCG,CTCTCTA,AGAGTTTGATCCTGGCTCAG,GCTGCCTCCCGTAGGAGT,TAAGGCGCTCTCTA,YES,0,1,0,1,SH11,Hillesden,0,,X,X,YES,YES,0,206666.6667,0,SH11,BB_P2_PG_242_1,7/13/2010,Hd,SP,228235,468282,leg_abdomen(no_guts),0.005329861,3334260,0.971094003,23.87,554097,0.166,38.305,NA,NA,B.terrestris
243,NA,NA,NA,NA,NA,NO,1,1,0,2,SH40,Hillesden,0,,X,X,YES,YES,3333.333333,46666.66667,0,SH40,BB_P3_PG_243_1,7/19/2010,Hd,SP,230751,468845,leg_abdomen(no_guts),0.002012858,1259206,0.971115019,81.84,678408,0.537,51.012,0.88762,NA,B.terrestris
244,NA,NA,NA,NA,NA,NO,1,1,0,2,LH34,Hillesden,0,,X,X,NO,YES,13333.33333,30000,0,NA,NA,NA,NA,NA,NA,NA,NA,NA,NA,NA,NA,NA,NA,NA,NA,NA,B.terrestris
245,NA,NA,NA,NA,NA,NO,0,1,0,1,CC16,Hillesden,0,,X,X,YES,YES,0,30000,0,CC16,BB_P2_PG_245_1,7/14/2010,Hd,SP,228171,468655,leg_abdomen(no_guts),0.001980485,1238954,0.978184646,83.39,765646,0.617,56.507,0.88508,NA,B.terrestris
246,TCCTGAG,GCGTAAG,AGAGTTTGATCCTGGCTCAG,GCTGCCTCCCGTAGGAGT,TCCTGAGGCGTAAG,YES,0,0,0,0,LH16,Hillesden,0,,X,X,YES,YES,0,0,0,LH16,BB_P2_PG_246_1,7/14/2010,Hd,SP,228872,469546,leg_abdomen(no_guts),0.002280159,1426424,0.974355962,76.09,807598,0.566,58.514,0.8828,NA,B.terrestris
247,TCCTGAG,TATCCTC,AGAGTTTGATCCTGGCTCAG,GCTGCCTCCCGTAGGAGT,TCCTGAGTATCCTC,YES,0,1,0,1,LH36,Hillesden,0,,X,X,YES,YES,0,220000,0,LH36,BB_P2_PG_247_1,7/19/2010,Hd,SP,230751,468845,leg_abdomen(no_guts),0.006327064,3958091,0.972764929,81.16,2194721,0.554,159.857,0.88335,NA,B.terrestris
248,NA,NA,NA,NA,NA,NO,0,1,0,1,MH21,Hillesden,0,,X,X,YES,YES,0,36666.66667,0,MH21,BB_P2_PG_248_1,7/14/2010,Hd,SP,228872,469546,leg_abdomen(no_guts),0.006729149,4209628,0.972917455,99.53,2967137,0.704,176.894,0.87762,NA,B.hortorum
249,NA,NA,NA,NA,NA,NO,1,1,1,3,CC21,Hillesden,0,,X,X,NO,YES,16666.66667,90000,26666.66667,NA,NA,NA,NA,NA,NA,NA,NA,NA,NA,NA,NA,NA,NA,NA,NA,NA,B.ruderatus
25,CTCTCTA,ACTGCAT,AGAGTTTGATCCTGGCTCAG,GCTGCCTCCCGTAGGAGT,CTCTCTAACTGCAT,YES,0,0,0,0,CC6,Upton,0,,X,X,YES,YES,0,0,0,CC6,BB_P1_PG_25_1,7/17/2013,Ut,SP35599 46723,246723,435599,leg_abdomen(no_guts),0.004002316,2503773,0.977590684,82.66,1418354,0.566,101.251,0.88248,NA,B.terrestris
250,NA,NA,NA,NA,NA,NO,0,1,0,1,MH5,Hillesden,0,X,X,X,NO,YES,0,46666.66667,0,NA,NA,NA,NA,NA,NA,NA,NA,NA,NA,NA,NA,NA,NA,NA,NA,NA,B.hortorum
251,NA,NA,NA,NA,NA,NO,0,0,0,0,SH46,Hillesden,0,,X,X,NO,YES,0,0,0,NA,NA,NA,NA,NA,NA,NA,NA,NA,NA,NA,NA,NA,NA,NA,NA,NA,B.terrestris
252,GCTACGC,AAGGAGT,AGAGTTTGATCCTGGCTCAG,GCTGCCTCCCGTAGGAGT,GCTACGCAAGGAGT,YES,0,0,1,1,CC25,Hillesden,0,,X,X,YES,YES,0,0,1200000,CC25,BB_P2_PG_252_1,7/14/2010,Hd,SP,230364,469542,leg_abdomen(no_guts),0.005807461,3633037,0.966765223,79.99,2134342,0.587,155.553,0.87941,NA,B.terrestris
253,NA,NA,NA,NA,NA,NO,0,1,0,1,SH58,Hillesden,0,,X,X,YES,YES,0,3333.333333,0,SH58,BB_P2_PG_253_1,7/19/2010,Hd,SP,230440,469034,leg_abdomen(no_guts),0.005337937,3339312,0.981983073,81.92,1978965,0.592,142.597,0.87048,NA,B.terrestris
254,NA,NA,NA,NA,NA,NO,1,0,0,1,SH20,Hillesden,0,,X,X,NO,YES,13333.33333,0,0,NA,NA,NA,NA,NA,NA,NA,NA,NA,NA,NA,NA,NA,NA,NA,NA,NA,B.terrestris
26,NA,NA,NA,NA,NA,NO,0,1,0,1,CC12,Upton,0,,X,X,YES,YES,0,56666.66667,0,CC12,BB_P1_PG_26_1,7/17/2013,Ut,SP35995 47069,247069,435995,leg_abdomen(no_guts),0.004633478,2898616,0.973932187,78.94,1726939,0.595,121.895,0.87362,NA,B.terrestris
27,GCTACGC,TATCCTC,AGAGTTTGATCCTGGCTCAG,GCTGCCTCCCGTAGGAGT,GCTACGCTATCCTC,YES,0,1,0,1,RH3,Upton,0,,X,X,YES,YES,0,210000,0,RH3,BB_P3_PG_27_1,7/17/2013,Ut,SP35364 46736,246736,435364,leg_abdomen(no_guts),0.00246676,1543158,0.938076854,59.81,639212,0.413,48.989,0.89311,NA,B.terrestris
28,CAGAGAG,AGAGTAG,AGAGTTTGATCCTGGCTCAG,GCTGCCTCCCGTAGGAGT,CAGAGAGAGAGTAG,YES,0,1,0,1,CC2,Upton,0,,X,X,YES,YES,0,110000,0,CC2,BB_P3_PG_28_1,7/17/2013,Ut,SP35410 46789,246789,435410,leg_abdomen(no_guts),0.001997526,1249614,0.977217542,79.73,680554,0.543,51.089,0.89648,NA,B.terrestris
29,CTCTCTA,CTCTCTA,AGAGTTTGATCCTGGCTCAG,GCTGCCTCCCGTAGGAGT,CTCTCTACTCTCTA,YES,0,0,0,0,RH10,Upton,0,,X,X,YES,YES,0,0,0,RH10,BB_P1_PG_29_1,7/17/2013,Ut,SP35717 46851,246851,435717,leg_abdomen(no_guts),0.003993627,2498337,0.974831057,82.59,1567121,0.627,111.924,0.86936,NA,B.terrestris
3,NA,NA,NA,NA,NA,NO,1,1,0,2,CC8,Upton,0,,X,X,YES,YES,6666.666667,20000,0,CC8,BB_P1_PG_3_1,7/17/2013,Ut,SP35717 46851,246851,435717,leg_abdomen(no_guts),0.008117646,5078245,0.973610821,99.01,3655730,0.719,214.062,0.87886,3_bh_Ut_1,B.hortorum
30,NA,NA,NA,NA,NA,NO,0,0,0,0,CC10,Upton,0,,X,X,YES,YES,0,0,0,CC10,BB_P1_PG_30_1,7/17/2013,Ut,SP35822 45988,245988,435822,leg_abdomen(no_guts),0.005109893,3196652,0.972824297,82.24,1902830,0.595,137.949,0.88376,NA,B.terrestris
31,CAGAGAG,CTAAGCC,AGAGTTTGATCCTGGCTCAG,GCTGCCTCCCGTAGGAGT,CAGAGAGCTAAGCC,YES,0,1,0,1,RH1,Upton,0,,X,X,YES,YES,0,100000,0,RH1,BB_P1_PG_31_1,7/17/2013,Ut,SP35364 46736,246736,435364,leg_abdomen(no_guts),0.004227608,2644711,0.979567217,83.33,1663444,0.628,119.21,0.87248,NA,B.terrestris
32,NA,NA,NA,NA,NA,NO,0,1,0,1,RH9,Upton,0,,X,X,YES,YES,0,90000,0,RH9,BB_P1_PG_32_1,7/17/2013,Ut,SP35717 46851,246851,435717,leg_abdomen(no_guts),0.005562559,3479831,0.978099348,83.43,2224070,0.638,157.53,0.86748,NA,B.terrestris
33,NA,NA,NA,NA,NA,NO,0,1,0,1,CC7,Upton,0,,X,X,YES,YES,0,93333.33333,0,CC7,BB_P1_PG_33_1,7/17/2013,Ut,SP35717 46851,246851,435717,leg_abdomen(no_guts),0.004349656,2721062,0.978644739,75.6,1508280,0.554,108.689,0.88109,NA,B.terrestris
34,TAAGGCG,ACTGCAT,AGAGTTTGATCCTGGCTCAG,GCTGCCTCCCGTAGGAGT,TAAGGCGACTGCAT,YES,1,1,0,2,UP11,Upton,0,,X,X,YES,YES,43333.33333,190000,0,UP11,BB_P1_PG_34_1,7/22/2010,Ut,SP379434,243400,437900,leg_abdomen(no_guts),0.005482371,3429667,0.979326495,98.32,2280114,0.664,140.075,0.91766,34_br_Ut_1,B.ruderatus
35,NA,NA,NA,NA,NA,NO,0,1,0,1,UP6,Upton,0,,X,X,YES,YES,0,100000,0,UP6,BB_P1_PG_35_1,7/22/2010,Ut,SP379434,243400,437900,leg_abdomen(no_guts),0.004262514,2666548,0.980175197,99.23,1830838,0.686,107.965,0.8762,NA,B.hortorum
36,CAGAGAG,GCGTAAG,AGAGTTTGATCCTGGCTCAG,GCTGCCTCCCGTAGGAGT,CAGAGAGGCGTAAG,YES,0,1,0,1,UP8,Upton,0,,X,X,YES,YES,0,70000,0,UP8,BB_P1_PG_36_1,7/22/2010,Ut,SP379434,243400,437900,leg_abdomen(no_guts),0.004974184,3111755,0.977247068,94.63,2090417,0.671,127.084,0.92059,NA,B.ruderatus
37,TAGGCAT,TATCCTC,AGAGTTTGATCCTGGCTCAG,GCTGCCTCCCGTAGGAGT,TAGGCATTATCCTC,YES,0,0,0,0,UP7,Upton,0,,X,X,YES,YES,0,0,0,UP7,BB_P1_PG_37_1,7/22/2010,Ut,SP379434,243400,437900,leg_abdomen(no_guts),0.004354487,2724084,0.978735085,98.67,1948892,0.715,119.266,0.92072,37_br_Ut_1,B.ruderatus
38,TAGGCAT,CTCTCTA,AGAGTTTGATCCTGGCTCAG,GCTGCCTCCCGTAGGAGT,TAGGCATCTCTCTA,YES,1,1,0,2,UP14,Upton,0,,X,X,YES,YES,13333.33333,6666.666667,0,UP14,BB_P1_PG_38_1,7/22/2010,Ut,SP379434,243400,437900,leg_abdomen(no_guts),0.005107978,3195454,0.981185109,96.57,2261649,0.707,136.881,0.9185,NA,B.ruderatus
39,NA,NA,NA,NA,NA,NO,0,1,0,1,RH13,Upton,0,,X,X,YES,YES,0,123333.3333,0,RH13,BB_P1_PG_39_1,7/17/2013,Ut,SP35995 47069,247069,435995,leg_abdomen(no_guts),0.002574458,1610532,0.978675566,96.43,1067133,0.662,63.911,0.87955,NA,B.hortorum
4,CTCTCTA,AAGGAGT,AGAGTTTGATCCTGGCTCAG,GCTGCCTCCCGTAGGAGT,CTCTCTAAAGGAGT,YES,1,1,0,2,UP5,Upton,0,X,X,X,YES,YES,23333.33333,100000,0,UP5,BB_P1_PG_4_1,7/22/2010,Ut,SP379434,243400,437900,thorax,0.007741084,4842675,0.98451826,99.39,3320799,0.685,189.332,0.8868,NA,B.hortorum
40,CGAGGCT,ACTGCAT,AGAGTTTGATCCTGGCTCAG,GCTGCCTCCCGTAGGAGT,CGAGGCTACTGCAT,YES,1,1,0,2,RH4,Upton,0,,X,X,YES,YES,70000,73333.33333,0,RH4,BB_P1_PG_40_1,7/17/2013,Ut,SP35364 46736,246736,435364,leg_abdomen(no_guts),0.003852969,2410344,0.985281344,97.45,1702631,0.706,102.504,0.92088,NA,B.ruderatus
41,GCTACGC,ACTGCAT,AGAGTTTGATCCTGGCTCAG,GCTGCCTCCCGTAGGAGT,GCTACGCACTGCAT,YES,0,1,0,1,CC3,Upton,0,,X,X,YES,YES,0,203333.3333,0,CC3,BB_P1_PG_41_1,7/17/2013,Ut,SP35467 46753,246753,435467,leg_abdomen(no_guts),0.00421685,2637981,0.982543525,99.42,1878625,0.711,114.98,0.91902,NA,B.ruderatus
42,CGAGGCT,GCGTAAG,AGAGTTTGATCCTGGCTCAG,GCTGCCTCCCGTAGGAGT,CGAGGCTGCGTAAG,YES,0,1,0,1,CC9,Upton,0,,X,X,YES,YES,0,166666.6667,0,CC9,BB_P3_PG_42_1,7/17/2013,Ut,SP35717 46851,246851,435717,leg_abdomen(no_guts),0.001967386,1230759,0.980979147,99.12,885782,0.716,57.383,0.91993,NA,B.ruderatus
43,NA,NA,NA,NA,NA,NO,0,1,0,1,RH8,Upton,0,,X,X,YES,YES,0,106666.6667,0,RH8,BB_P1_PG_43_1,7/17/2013,Ut,SP35599 46723,246723,435599,leg_abdomen(no_guts),0.00399906,2501736,0.980049846,99.36,1836080,0.733,109.589,0.88155,NA,B.hortorum
44,GTAGAGG,CTCTCTA,AGAGTTTGATCCTGGCTCAG,GCTGCCTCCCGTAGGAGT,GTAGAGGCTCTCTA,YES,1,1,0,2,LC40,Caistor,0,,X,X,YES,YES,10000,93333.33333,0,LC40,BB_P1_PG_44_1,7/29/2013,Ca,TG245033,303300,624500,leg_abdomen(no_guts),0.004686189,2931591,0.977852161,99.43,1948232,0.664,115.497,0.8795,NA,B.hortorum
45,NA,NA,NA,NA,NA,NO,0,1,0,1,LC39,Caistor,0,,X,X,YES,YES,0,133333.3333,0,LC39,BB_P1_PG_45_1,7/29/2013,Ca,TG238034,303400,623800,leg_abdomen(no_guts),0.004350014,2721286,0.979735186,98.16,1809568,0.664,108.839,0.8845,NA,B.hortorum
46,NA,NA,NA,NA,NA,NO,0,1,0,1,LC42,Caistor,0,,X,X,YES,YES,0,150000,0,LC42,BB_P1_PG_46_1,7/29/2013,Ca,TG243034,303400,624300,leg_abdomen(no_guts),0.004831197,3022305,0.977226328,99.47,1991906,0.659,117.471,0.88385,NA,B.hortorum
47,NA,NA,NA,NA,NA,NO,0,1,0,1,LC41,Caistor,0,,X,X,YES,YES,0,143333.3333,0,LC41,BB_P1_PG_47_1,7/29/2013,Ca,TG245036,303600,624500,leg_abdomen(no_guts),0.004466993,2794466,0.980452463,96.87,2011331,0.719,118.483,0.88399,NA,B.hortorum
48,AGGCAGA,GTAAGGA,AGAGTTTGATCCTGGCTCAG,GCTGCCTCCCGTAGGAGT,AGGCAGAGTAAGGA,YES,1,1,0,2,LC5,Caistor,0,,X,X,YES,YES,116666.6667,113333.3333,0,LC5,BB_P1_PG_48_1,07/04/2013,Ca,TG223032,303200,622300,leg_abdomen(no_guts),0.003761286,2352989,0.977154089,99.04,1552722,0.659,91.353,0.88786,NA,B.hortorum
49,NA,NA,NA,NA,NA,NO,1,1,0,2,LC35,Caistor,0,X,X,X,YES,YES,16666.66667,80000,0,LC35,BB_P1_PG_49_1,7/29/2013,Ca,TG243034,303400,624300,thorax,0.00732884,4584783,0.981536815,98.73,3159863,0.689,184.628,0.88854,NA,B.hortorum
5,NA,NA,NA,NA,NA,NO,NA,NA,NA,NA,UP1,Upton,0,,,X,NO,NO,NA,NA,NA,NA,NA,NA,NA,NA,NA,NA,NA,NA,NA,NA,NA,NA,NA,NA,NA,NA,B.hortorum
50,NA,NA,NA,NA,NA,NO,0,1,0,1,LC25,Caistor,0,,X,X,YES,YES,0,96666.66667,0,LC25,BB_P1_PG_50_1,07/04/2013,Ca,TG239035,303500,623900,leg_abdomen(no_guts),0.007985343,4995479,0.976605742,99.73,3646505,0.729,209.993,0.87858,50_bh_Ca_1,B.hortorum
51,NA,NA,NA,NA,NA,NO,0,1,0,1,LC34,Caistor,0,X,X,X,YES,YES,0,106666.6667,0,LC34,BB_P1_PG_51_1,7/29/2013,Ca,TG243034,303400,624300,thorax,0.007498704,4691047,0.978893997,99.43,3422113,0.729,200.131,0.88177,NA,B.hortorum
52,CGAGGCT,CTAAGCC,AGAGTTTGATCCTGGCTCAG,GCTGCCTCCCGTAGGAGT,CGAGGCTCTAAGCC,YES,1,1,0,2,LC20,Caistor,0,,X,X,YES,YES,23333.33333,130000,0,LC20,BB_P1_PG_52_1,07/04/2013,Ca,TG239032,303200,623900,leg_abdomen(no_guts),0.007738619,4841133,0.982854821,99.63,3460765,0.714,200.31,0.88238,NA,B.hortorum
53,NA,NA,NA,NA,NA,NO,0,1,0,1,LC21,Caistor,0,,X,X,YES,YES,0,133333.3333,0,LC21,BB_P1_PG_53_1,07/04/2013,Ca,TG239035,303500,623900,leg_abdomen(no_guts),0.0067173,4202215,0.979436384,96.87,2904442,0.69,166.594,0.87718,53_bh_Ca_2,B.hortorum
54,CTCTCTA,TATCCTC,AGAGTTTGATCCTGGCTCAG,GCTGCCTCCCGTAGGAGT,CTCTCTATATCCTC,YES,1,1,0,2,LC26,Caistor,0,,X,X,YES,YES,6666.666667,170000,0,LC26,BB_P1_PG_54_1,07/04/2013,Ca,TG239035,303500,623900,leg_abdomen(no_guts),0.007602745,4756133,0.98107988,99.74,3548830,0.746,205.742,0.87898,NA,B.hortorum
55,NA,NA,NA,NA,NA,NO,0,1,0,1,LC28,Caistor,0,,X,X,YES,YES,0,66666.66667,0,LC28,BB_P3_PG_55_1,07/04/2013,Ca,TG239035,303500,623900,leg_abdomen(no_guts),0.003629405,2270487,0.976832944,99.46,1551669,0.68,95.854,0.89689,NA,B.hortorum
56,NA,NA,NA,NA,NA,NO,0,1,0,1,LC23,Caistor,0,,X,X,YES,YES,0,60000,0,LC23,BB_P1_PG_56_1,07/04/2013,Ca,TG239035,303500,623900,leg_abdomen(no_guts),0.007816991,4890161,0.982806082,97.84,3447429,0.704,199.166,0.88187,56_bh_Ca_1,B.hortorum
57,CGAGGCT,GTAAGGA,AGAGTTTGATCCTGGCTCAG,GCTGCCTCCCGTAGGAGT,CGAGGCTGTAAGGA,YES,0,0,0,0,LC24,Caistor,0,,X,X,YES,YES,0,0,0,LC24,BB_P1_PG_57_1,07/04/2013,Ca,TG239035,303500,623900,leg_abdomen(no_guts),0.008122192,5081089,0.974948989,99.7,3628735,0.714,210.588,0.88676,NA,B.hortorum
58,NA,NA,NA,NA,NA,NO,0,1,0,1,LC22,Caistor,0,,X,X,YES,YES,0,103333.3333,0,LC22,BB_P1_PG_58_1,07/04/2013,Ca,TG239035,303500,623900,leg_abdomen(no_guts),0.008976569,5615571,0.975358844,99.68,3882929,0.691,222.345,0.87405,58_bh_Ca_2,B.hortorum
59,GCTACGC,CTCTCTA,AGAGTTTGATCCTGGCTCAG,GCTGCCTCCCGTAGGAGT,GCTACGCCTCTCTA,YES,0,1,0,1,LC6,Caistor,0,,X,X,YES,YES,0,10000,0,LC6,BB_P1_PG_59_1,07/04/2013,Ca,TG223032,303200,622300,leg_abdomen(no_guts),0.007685027,4807607,0.982264267,99.62,3160202,0.657,182.456,0.88369,NA,B.hortorum
6,NA,NA,NA,NA,NA,NO,0,0,0,0,RH11,Upton,0,,X,X,NO,YES,0,0,0,NA,NA,NA,NA,NA,NA,NA,NA,NA,NA,NA,NA,NA,NA,NA,NA,NA,B.hortorum
60,CTCTCTA,GTAAGGA,AGAGTTTGATCCTGGCTCAG,GCTGCCTCCCGTAGGAGT,CTCTCTAGTAAGGA,YES,1,1,0,2,LC43,Caistor,0,,X,X,YES,YES,3333.333333,20000,0,LC43,BB_P1_PG_60_1,7/29/2013,Ca,TG242038,303800,624200,leg_abdomen(no_guts),0.005866913,3670229,0.971885401,84.23,2281973,0.621,162.997,0.87822,NA,B.terrestris
61,NA,NA,NA,NA,NA,NO,0,1,0,1,LC19,Caistor,0,X,X,X,NO,YES,0,66666.66667,0,NA,NA,NA,NA,NA,NA,NA,NA,NA,NA,NA,NA,NA,NA,NA,NA,NA,B.hortorum
62,CTCTCTA,CTAAGCC,AGAGTTTGATCCTGGCTCAG,GCTGCCTCCCGTAGGAGT,CTCTCTACTAAGCC,YES,0,1,0,1,LC27,Caistor,0,,X,X,YES,YES,0,133333.3333,0,LC27,BB_P1_PG_62_1,07/04/2013,Ca,TG239035,303500,623900,leg_abdomen(no_guts),0.004383814,2742431,0.985408756,99.51,1886698,0.687,110.299,0.88046,NA,B.hortorum
63,AGGCAGA,AGAGTAG,AGAGTTTGATCCTGGCTCAG,GCTGCCTCCCGTAGGAGT,AGGCAGAAGAGTAG,YES,0,1,0,1,LC31,Caistor,0,,X,X,YES,YES,0,56666.66667,0,LC31,BB_P1_PG_63_1,7/29/2013,Ca,TG244036,303600,624400,leg_abdomen(no_guts),0.00382119,2390464,0.983432179,99.03,1606764,0.672,95.89,0.88776,NA,B.hortorum
64,CGTACTA,CTCTCTA,AGAGTTTGATCCTGGCTCAG,GCTGCCTCCCGTAGGAGT,CGTACTACTCTCTA,YES,0,1,0,1,LC1,Caistor,0,,X,X,YES,YES,0,70000,0,LC1,BB_P1_PG_64_1,07/04/2013,Ca,TG223032,303200,622300,leg_abdomen(no_guts),0.005080429,3178220,0.978822796,99.48,2288365,0.719,134.724,0.99876,NA,B.ruderatus
65,TAAGGCG,TATCCTC,AGAGTTTGATCCTGGCTCAG,GCTGCCTCCCGTAGGAGT,TAAGGCGTATCCTC,YES,1,1,0,2,LC18,Caistor,0,X,X,X,YES,YES,3333.333333,53333.33333,0,LC18,BB_P1_PG_65_1,07/04/2013,Ca,TG232032,303200,623200,thorax,0.003871141,2421712,0.979478655,82.81,1495485,0.617,106.63,0.88161,NA,B.terrestris
66,NA,NA,NA,NA,NA,NO,1,0,0,1,LC17,Caistor,0,,X,X,YES,YES,6666.666667,0,0,LC17,BB_P1_PG_66_1,07/04/2013,Ca,TG232032,303200,623200,leg_abdomen(no_guts),0.003862061,2416032,0.976217538,83.54,1504941,0.622,107.139,0.88017,NA,B.terrestris
67,NA,NA,NA,NA,NA,NO,0,1,0,1,LC13,Caistor,0,,X,X,YES,YES,0,46666.66667,0,LC13,BB_P1_PG_67_1,07/04/2013,Ca,TG232032,303200,623200,leg_abdomen(no_guts),0.003281044,2052559,0.975435417,83.27,1239064,0.603,87.198,0.87201,NA,B.terrestris
68,AAGAGGC,TATCCTC,AGAGTTTGATCCTGGCTCAG,GCTGCCTCCCGTAGGAGT,AAGAGGCTATCCTC,YES,1,1,0,2,LC11,Caistor,0,,X,X,YES,YES,10000,16666.66667,0,LC11,BB_P1_PG_68_1,07/04/2013,Ca,TG223032,303200,622300,leg_abdomen(no_guts),0.002478074,1550236,0.973650741,88.77,1071433,0.69,76.312,0.97964,NA,B.terrestris
69,NA,NA,NA,NA,NA,NO,0,1,0,1,LC12,Caistor,0,,X,X,YES,YES,0,53333.33333,0,LC12,BB_P1_PG_69_1,07/04/2013,Ca,TG232032,303200,623200,leg_abdomen(no_guts),0.004821427,3016193,0.972615029,81.47,1785872,0.592,126.403,0.87933,NA,B.terrestris
7,NA,NA,NA,NA,NA,NO,1,0,0,1,CC14,Upton,0,,X,X,YES,YES,93333.33333,0,0,CC14,BB_P1_PG_7_1,7/17/2013,Ut,SP35995 47069,247069,435995,leg_abdomen(no_guts),0.0067492,4222171,0.972914126,99.21,3084231,0.73,179.717,0.88037,NA,B.hortorum
70,CGTACTA,TATCCTC,AGAGTTTGATCCTGGCTCAG,GCTGCCTCCCGTAGGAGT,CGTACTATATCCTC,YES,0,0,0,0,LC32,Caistor,0,X,X,X,YES,YES,0,0,0,LC32,BB_P1_PG_70_1,7/29/2013,Ca,TG244036,303600,624400,thorax,0.002976201,1861855,0.980567762,80.33,971525,0.521,71.111,0.88405,NA,B.terrestris
71,NA,NA,NA,NA,NA,NO,0,1,0,1,LC33,Caistor,0,X,X,X,YES,YES,0,26666.66667,0,LC33,BB_P1_PG_71_1,7/29/2013,Ca,TG244036,303600,624400,thorax,0.004787746,2995123,0.976947912,83.56,1687603,0.563,119.381,0.88243,NA,B.terrestris
72,NA,NA,NA,NA,NA,NO,0,0,0,0,LC30,Caistor,0,X,X,X,NO,YES,0,0,0,NA,NA,NA,NA,NA,NA,NA,NA,NA,NA,NA,NA,NA,NA,NA,NA,NA,B.terrestris
73,NA,NA,NA,NA,NA,NO,0,1,0,1,LC36,Caistor,0,X,X,X,NO,YES,0,146666.6667,0,NA,NA,NA,NA,NA,NA,NA,NA,NA,NA,NA,NA,NA,NA,NA,NA,NA,B.terrestris
74,NA,NA,NA,NA,NA,NO,1,0,0,1,LC10,Caistor,0,,X,X,YES,YES,3333.333333,0,0,LC10,BB_P1_PG_74_1,07/04/2013,Ca,TG223032,303200,622300,leg_abdomen(no_guts),0.004936828,3088386,0.983337881,82.65,1884967,0.61,132.184,0.88127,NA,B.terrestris
75,NA,NA,NA,NA,NA,NO,0,1,0,1,LC9,Caistor,0,X,X,X,YES,YES,0,16666.66667,0,LC9,BB_P1_PG_75_1,07/04/2013,Ca,TG223032,303200,622300,thorax,0.003570115,2233396,0.979885848,80.43,1225493,0.548,87.555,0.87278,NA,B.terrestris
76,GGACTCC,GCGTAAG,AGAGTTTGATCCTGGCTCAG,GCTGCCTCCCGTAGGAGT,GGACTCCGCGTAAG,YES,0,1,0,1,LC7,Caistor,0,,X,X,YES,YES,0,63333.33333,0,LC7,BB_P1_PG_76_1,07/04/2013,Ca,TG223032,303200,622300,leg_abdomen(no_guts),0.004988029,3120416,0.976569219,82.03,1909539,0.611,135.858,0.87847,NA,B.terrestris
77,AGGCAGA,CTCTCTA,AGAGTTTGATCCTGGCTCAG,GCTGCCTCCCGTAGGAGT,AGGCAGACTCTCTA,YES,1,0,0,1,LC37,Caistor,0,,X,X,YES,YES,53333.33333,0,0,LC37,BB_P1_PG_77_1,7/29/2013,Ca,TG243034,303400,624300,leg_abdomen(no_guts),0.003396924,2125051,0.979756187,81.1,1203663,0.566,86.442,0.87879,NA,B.terrestris
78,CGTACTA,ACTGCAT,AGAGTTTGATCCTGGCTCAG,GCTGCCTCCCGTAGGAGT,CGTACTAACTGCAT,YES,0,0,0,0,LC8,Caistor,0,X,X,X,YES,YES,0,0,0,LC8,BB_P1_PG_78_1,07/04/2013,Ca,TG223032,303200,622300,thorax,0.004125077,2580570,0.982800599,82.07,1445611,0.56,102.166,0.88133,NA,B.terrestris
79,TAAGGCG,AAGGAGT,AGAGTTTGATCCTGGCTCAG,GCTGCCTCCCGTAGGAGT,TAAGGCGAAGGAGT,YES,0,0,0,0,LC2,Caistor,0,,X,X,YES,YES,0,0,0,LC2,BB_P1_PG_79_1,07/04/2013,Ca,TG223032,303200,622300,leg_abdomen(no_guts),0.00415418,2598776,0.979503655,82.48,1510653,0.581,107.281,0.88443,NA,B.terrestris
8,NA,NA,NA,NA,NA,NO,0,1,0,1,UP10,Upton,0,X,X,X,YES,YES,0,16666.66667,0,UP10,BB_P1_PG_8_1,7/22/2010,Ut,SP379434,243400,437900,thorax,0.011009793,6887517,0.979673618,98.03,4473181,0.649,261.762,0.88276,NA,B.hortorum
80,NA,NA,NA,NA,NA,NO,0,0,0,0,LC3,Caistor,0,,X,X,NO,YES,0,0,0,NA,NA,NA,NA,NA,NA,NA,NA,NA,NA,NA,NA,NA,NA,NA,NA,NA,B.terrestris
81,CTCTCTA,AGAGTAG,AGAGTTTGATCCTGGCTCAG,GCTGCCTCCCGTAGGAGT,CTCTCTAAGAGTAG,YES,0,1,1,2,TM6,Ouse,0,,X,X,YES,YES,0,286666.6667,76666.66667,TM6,BB_P1_PG_81_1,7/26/2013,Os,TL471859,285900,547100,leg_abdomen(no_guts),0.003580256,2239740,0.977088114,82.44,1355992,0.605,98.556,0.87851,NA,B.terrestris
82,NA,NA,NA,NA,NA,NO,0,0,0,0,TM11,Ouse,1,,X,X,NO,YES,0,0,0,NA,NA,NA,NA,NA,NA,NA,NA,NA,NA,NA,NA,NA,NA,NA,NA,NA,B.terrestris
83,AAGAGGC,GTAAGGA,AGAGTTTGATCCTGGCTCAG,GCTGCCTCCCGTAGGAGT,AAGAGGCGTAAGGA,YES,0,0,0,0,TM14,Ouse,0,,X,X,YES,YES,0,0,0,TM14,BB_P1_PG_83_1,7/26/2013,Os,TL471859,285900,547100,leg_abdomen(no_guts),0.003643189,2279110,0.971931346,98.48,1606615,0.704,99.349,0.91384,NA,B.ruderatus
84,NA,NA,NA,NA,NA,NO,0,1,0,1,TM2,Ouse,0,,X,X,NO,YES,0,13333.33333,0,NA,NA,NA,NA,NA,NA,NA,NA,NA,NA,NA,NA,NA,NA,NA,NA,NA,B.terrestris
85,NA,NA,NA,NA,NA,NO,0,0,0,0,TM9,Ouse,0,X,X,X,NO,YES,0,0,0,NA,NA,NA,NA,NA,NA,NA,NA,NA,NA,NA,NA,NA,NA,NA,NA,NA,B.ruderatus
86,NA,NA,NA,NA,NA,NO,0,1,0,1,TM8,Ouse,0,X,X,X,YES,YES,0,3333.333333,0,TM8,BB_P1_PG_86_1,7/26/2013,Os,TL471859,285900,547100,thorax,0.005013228,3136180,0.978315155,99.61,2242284,0.714,131.974,0.87502,86_bh_Os_3,B.hortorum
87,NA,NA,NA,NA,NA,NO,0,1,0,1,TM1,Ouse,0,,X,X,YES,YES,0,10000,0,TM1,BB_P1_PG_87_1,7/26/2013,Os,TL471859,285900,547100,leg_abdomen(no_guts),0.005470802,3422430,0.980877864,99.43,2578734,0.753,158.39,0.91712,NA,B.ruderatus
88,NA,NA,NA,NA,NA,NO,0,1,0,1,TM3,Ouse,0,,X,X,YES,YES,0,13333.33333,0,TM3,BB_P1_PG_88_1,7/26/2013,Os,TL471859,285900,547100,leg_abdomen(no_guts),0.004972683,3110816,0.975822268,99.28,2250646,0.723,139.271,0.91757,NA,B.ruderatus
89,TAGGCAT,AGAGTAG,AGAGTTTGATCCTGGCTCAG,GCTGCCTCCCGTAGGAGT,TAGGCATAGAGTAG,YES,0,0,0,0,TM13,Ouse,0,,X,X,YES,YES,0,0,0,TM13,BB_P3_PG_89_1,7/26/2013,Os,TL471859,285900,547100,leg_abdomen(no_guts),0.002419429,1513549,0.972101244,82.63,889726,0.586,66.645,0.89483,NA,B.terrestris
9,GCTACGC,CTAAGCC,AGAGTTTGATCCTGGCTCAG,GCTGCCTCCCGTAGGAGT,GCTACGCCTAAGCC,YES,0,1,1,2,UP9,Upton,0,X,X,X,YES,YES,0,73333.33333,16666.66667,UP9,BB_P1_PG_9_1,7/22/2010,Ut,SP379434,243400,437900,thorax,0.004841741,3028901,0.98281494,98.95,2096688,0.686,126.358,0.88143,NA,B.hortorum
90,NA,NA,NA,NA,NA,NO,0,1,0,1,TM7,Ouse,0,,X,X,YES,YES,0,13333.33333,0,TM7,BB_P1_PG_90_1,7/26/2013,Os,TL471859,285900,547100,leg_abdomen(no_guts),0.004707784,2945100,0.974498134,92.79,1928495,0.654,114.439,0.88203,NA,B.hortorum
91,NA,NA,NA,NA,NA,NO,1,1,0,2,TM5,Ouse,0,,X,X,YES,YES,16666.66667,6666.666667,0,TM5,BB_P1_PG_91_1,7/26/2013,Os,TL471859,285900,547100,leg_abdomen(no_guts),0.005743642,3593113,0.979996214,99.45,2555253,0.711,150.759,0.87675,91_bh_Os_3,B.hortorum
92,AAGAGGC,CTAAGCC,AGAGTTTGATCCTGGCTCAG,GCTGCCTCCCGTAGGAGT,AAGAGGCCTAAGCC,YES,0,0,0,0,TM10,Ouse,0,,X,X,YES,YES,0,0,0,TM10,BB_P1_PG_92_1,7/26/2013,Os,TL471859,285900,547100,leg_abdomen(no_guts),0.005208055,3258060,0.975896285,99.51,2396996,0.735,147.989,0.91244,NA,B.ruderatus
93,AGGCAGA,GCGTAAG,AGAGTTTGATCCTGGCTCAG,GCTGCCTCCCGTAGGAGT,AGGCAGAGCGTAAG,YES,0,0,0,0,TM20,Ouse,0,,X,X,YES,YES,0,0,0,TM20,BB_P1_PG_93_1,7/26/2013,Os,TL469857,285700,546900,leg_abdomen(no_guts),0.003735989,2337164,0.980521012,84.24,1393140,0.595,100.058,0.87738,NA,B.terrestris
94,NA,NA,NA,NA,NA,NO,0,1,0,1,TM18,Ouse,0,,X,X,NO,YES,0,23333.33333,0,NA,NA,NA,NA,NA,NA,NA,NA,NA,NA,NA,NA,NA,NA,NA,NA,NA,B.hortorum
95,NA,NA,NA,NA,NA,NO,0,1,0,1,TM17,Ouse,0,,X,X,NO,YES,0,6666.666667,0,NA,NA,NA,NA,NA,NA,NA,NA,NA,NA,NA,NA,NA,NA,NA,NA,NA,B.hortorum
96,NA,NA,NA,NA,NA,NO,1,1,0,2,TM15,Ouse,0,,X,X,YES,YES,10000,33333.33333,0,TM15,BB_P1_PG_96_1,7/26/2013,Os,TL469857,285700,546900,leg_abdomen(no_guts),0.003635484,2274290,0.981154232,98.41,1555253,0.683,92.935,0.87851,96_bh_Os_1,B.hortorum
97,NA,NA,NA,NA,NA,NO,0,1,0,1,TM21,Ouse,0,X,X,X,NO,YES,0,113333.3333,0,NA,NA,NA,NA,NA,NA,NA,NA,NA,NA,NA,NA,NA,NA,NA,NA,NA,B.terrestris
98,NA,NA,NA,NA,NA,NO,0,1,0,1,TM16,Ouse,0,,X,X,NO,YES,0,93333.33333,0,NA,NA,NA,NA,NA,NA,NA,NA,NA,NA,NA,NA,NA,NA,NA,NA,NA,B.terrestris
99,NA,NA,NA,NA,NA,NO,0,1,0,1,TM19,Ouse,0,,X,X,YES,YES,0,83333.33333,0,TM19,BB_P1_PG_99_1,7/26/2013,Os,TL469857,285700,546900,leg_abdomen(no_guts),0.004800975,3003399,0.982580247,83.67,1912678,0.636,135.013,0.88224,NA,B.terrestris
Blank,GTAGAGG,TATCCTC,AGAGTTTGATCCTGGCTCAG,GCTGCCTCCCGTAGGAGT,GTAGAGGTATCCTC,YES,NA,NA,NA,NA,NA,NA,NA,NA,NA,NA,NA,NA,NA,NA,NA,NA,NA,NA,NA,NA,NA,NA,NA,NA,NA,NA,NA,NA,NA,NA,NA,NA,NA
